subject,gender,age,qualification,handedness,handsused,kd1,kd2,kd3,kd4,kd5,kd6,dd1,dd2,dd3,dd4,dd5,dd6,uu1,uu2,uu3,uu4,uu5,uu6,ud1,ud2,ud3,ud4,ud5,ud6,du1,du2,du3,du4,du5,du6,gb1,gb2,gb3,gb4,gb5,gb6,gb7,gb8,gb9,gb10,gb11,gb12,gb13,gb14,gg1,gg2,gg3,gg4,gg5,gg6,gg7,gg8,gg9,gg10,gg11,gg12,gg13,gg14,ga1,ga2,ga3,ga4,ga5,ga6,ga7,ga8,ga9,ga10,ga11,ga12,ga13,ga14,mx1,mx2,mx3,mx4,mx5,mx6,mx7,mx8,mx9,mx10,mx11,mx12,mx13,mx14,my1,my2,my3,my4,my5,my6,my7,my8,my9,my10,my11,my12,my13,my14,mz1,mz2,mz3,mz4,mz5,mz6,mz7,mz8,mz9,mz10,mz11,mz12,mz13,mz14,grx1,grx2,grx3,grx4,grx5,grx6,grx7,grx8,grx9,grx10,grx11,grx12,grx13,grx14,gry1,gry2,gry3,gry4,gry5,gry6,gry7,gry8,gry9,gry10,gry11,gry12,gry13,gry14,grz1,grz2,grz3,grz4,grz5,grz6,grz7,grz8,grz9,grz10,grz11,grz12,grz13,grz14,rb1,rb2,rb3,rb4,rb5,rb6,rb7,rb8,rb9,rb10,rb11,rb12,rb13,rb14,rg1,rg2,rg3,rg4,rg5,rg6,rg7,rg8,rg9,rg10,rg11,rg12,rg13,rg14,ra1,ra2,ra3,ra4,ra5,ra6,ra7,ra8,ra9,ra10,ra11,ra12,ra13,ra14
s001,Female,26 to 45,Master,Right,Both Hands,13,7,6,7,8,8,446,245,526,350,2012,372,440,244,527,351,2012,370,433,238,520,343,2004,364,453,251,533,358,2020,378,26,26,27,27,29,29,38,38,37,37,32,32,36,36,-7,-7,-6,-6,-5,-5,-2,-2,-5,-5,-6,-6,-5,-5,311,311,313,313,314,314,319,319,317,317,316,316,318,318,0,0,0,0,0,0,1,1,0,0,0,0,0,0,0,0,0,0,0,0,0,0,0,0,0,0,0,0,0,0,0,0,1,1,1,1,0,0,0,0,0,0,1,1,1,1,1,1,1,1,1,1,1,1,1,1,4,4,5,5,4,4,6,6,6,6,5,5,6,6,9,9,9,9,9,9,8,8,8,8,8,8,8,8,17,17,26,26,16,16,3,3,-6,-6,8,8,-1,-1,5,5,3,3,4,4,-6,-6,-3,-3,-2,-2,-3,-3,-10,-10,-4,-4,6,6,-13,-13,-12,-12,-1,-1,-1,-1
s002,Female,26 to 45,Madhymik, Right,One Hand,10.5,6,7,8,9,8,365.5,366.5,463.5,341.5,1190,303.5,282,491,402,334,366,237,277,483,393,324,358,227,290,496,410,343,376,245,28,28,26,26,26,26,31,31,28,28,23,23,23,23,10,10,6,6,6,6,10,10,7,7,4,4,6,6,179,179,178,178,178,178,178,178,178,178,177,177,178,178,0,0,0,0,0,0,0,0,0,0,0,0,0,0,0,0,0,0,0,0,0,0,0,0,0,0,0,0,0,0,-1,-1,1,1,1,1,0,0,0,0,1,1,-2,-2,-1,-1,-1,-1,-2,-2,-1,-1,-1,-1,-1,-1,5,5,4,4,4,4,5,5,5,5,4,4,4,4,8,8,8,8,9,9,9,9,9,9,9,9,10,10,8,8,-22,-22,-1,-1,-13,-13,-9,-9,1,1,-13,-13,-2,-2,0,0,2,2,0,0,3,3,3,3,0,0,-9,-9,7,7,2,2,5,5,-9,-9,-12,-12,6,6
s003,Female,18 to 25,Gratuation,Right,One Hand,12,7,6.667,8.333,8.333,8.333,449.333,392.333,455.333,927,1072.667,401.333,611,441,442,2096,840,596,602,435,433,2089,831,588,626,450,448,2105,847,605,23,23,24,24,23,23,22,22,22,22,23,23,23,23,-5,-5,-5,-5,-5,-5,-6,-6,-6,-6,-6,-6,-6,-6,194,194,194,194,194,194,194,194,194,194,193,193,194,194,0,0,0,0,0,0,0,0,0,0,0,0,0,0,0,0,0,0,0,0,0,0,0,0,0,0,0,0,0,0,0,0,-1,-1,-1,-1,0,0,0,0,0,0,1,1,1,1,1,1,1,1,1,1,1,1,1,1,4,4,4,4,4,4,4,4,4,4,4,4,4,4,9,9,8,8,8,8,8,8,9,9,9,9,9,9,-4,-4,-1,-1,-8,-8,-4,-4,-19,-19,-7,-7,-7,-7,-4,-4,1,1,-1,-1,-1,-1,-5,-5,-1,-1,-3,-3,-11,-11,-6,-6,-14,-14,-2,-2,-33,-33,-11,-11,-14,-14
s004,Male,26 to 45,Gratuation,Right,One Hand,11.25,7,6.5,8.25,9,8.25,522,418.25,487.25,1644.25,942.5,433.25,738,495,585,3799,549,532,731,489,577,3788,541,521,747,502,591,3807,560,540,29,29,27,27,28,28,27,27,24,24,24,24,25,25,-4,-4,-7,-7,-6,-6,-7,-7,-11,-11,-11,-11,-11,-11,160,160,160,160,161,161,160,160,157,157,157,157,157,157,0,0,0,0,0,0,0,0,0,0,0,0,0,0,0,0,0,0,0,0,0,0,0,0,0,0,0,0,0,0,0,0,1,1,0,0,0,0,0,0,0,0,0,0,1,1,1,1,1,1,2,2,2,2,2,2,5,5,4,4,5,5,4,4,4,4,4,4,4,4,9,9,9,9,9,9,9,9,8,8,9,9,9,9,-7,-7,2,2,5,5,-5,-5,10,10,4,4,8,8,2,2,-1,-1,2,2,1,1,1,1,0,0,3,3,-2,-2,-1,-1,-1,-1,-10,-10,8,8,2,2,10,10
s005,Male,26 to 45,Below Madhymik,Right,Both Hands,11,6.8,6.8,8.6,8.6,8.4,506.8,439.8,473,1398.6,831.6,384.8,442,528,418,413,390,191,436,520,408,406,381,182,452,534,426,423,397,200,22,22,21,21,19,19,20,20,18,18,20,20,19,19,0,0,-4,-4,-2,-2,-1,-1,-1,-1,0,0,0,0,326,326,326,326,324,324,324,324,324,324,324,324,324,324,0,0,1,1,1,1,0,0,0,0,1,1,1,1,0,0,1,1,1,1,0,0,0,0,0,0,0,0,1,1,0,0,0,0,1,1,1,1,0,0,1,1,0,0,2,2,1,1,0,0,0,0,1,1,1,1,4,4,4,4,4,4,4,4,3,3,3,3,3,3,11,11,9,9,10,10,10,10,10,10,10,10,11,11,5,5,20,20,0,0,0,0,-9,-9,2,2,6,6,7,7,-4,-4,-1,-1,4,4,6,6,-1,-1,1,1,-15,-15,-27,-27,-24,-24,-21,-21,-13,-13,-16,-16,-30,-30
s006,Male,26 to 45,Gratuation,Right,Both Hands,10.833,6.833,6.667,8.167,8.5,9.167,613.333,642.333,528,1248.667,1239.667,486.167,1143,1654,803,501,3285,988,1136,1648,797,493,3272,980,1153,1661,809,507,3293,1001,53,53,54,54,49,49,55,55,53,53,50,50,53,53,30,30,32,32,20,20,28,28,23,23,19,19,24,24,352,352,352,352,354,354,351,351,353,353,353,353,352,352,0,0,0,0,0,0,0,0,0,0,0,0,0,0,0,0,0,0,0,0,0,0,0,0,0,0,0,0,1,1,0,0,0,0,0,0,1,1,0,0,0,0,-3,-3,-3,-3,-2,-2,-3,-3,-2,-2,-2,-2,-2,-2,8,8,8,8,7,7,8,8,8,8,8,8,8,8,6,6,6,6,6,6,5,5,6,6,6,6,5,5,-3,-3,-1,-1,-7,-7,-8,-8,-8,-8,-1,-1,-2,-2,0,0,-3,-3,1,1,-3,-3,0,0,0,0,-1,-1,-1,-1,0,0,-5,-5,-4,-4,-3,-3,0,0,1,1
s007,Female,26 to 45,Gratuation,Right,One Hand,10.714,6.714,7.143,8.286,8.429,8.857,606.429,698.714,520.857,1239.571,1141.429,575.143,561,1041,477,1184,551,1111,555,1031,468,1176,544,1102,571,1047,487,1193,559,1118,32,32,36,36,27,27,27,27,24,24,30,30,25,25,18,18,22,22,10,10,9,9,2,2,9,9,0,0,228,228,227,227,232,232,231,231,233,233,230,230,231,231,0,0,0,0,0,0,0,0,0,0,0,0,0,0,0,0,0,0,0,0,0,0,0,0,0,0,0,0,0,0,0,0,1,1,0,0,0,0,0,0,0,0,-2,-2,-3,-3,-1,-1,-1,-1,0,0,-1,-1,0,0,5,5,6,6,4,4,4,4,4,4,5,5,4,4,8,8,8,8,9,9,9,9,9,9,9,9,9,9,6,6,4,4,-5,-5,0,0,3,3,-2,-2,14,14,0,0,-4,-4,0,0,3,3,0,0,1,1,-3,-3,0,0,-12,-12,-13,-13,-7,-7,6,6,-1,-1,10,10
s008,Male,26 to 45,Gratuation,Right,Both Hands,10.625,6.75,7.375,8.25,8.5,8.5,578.25,814.625,509,1210,1147.5,548.25,378,1628,425,1004,1187,360,371,1619,417,995,1181,354,388,1635,434,1012,1196,366,38,38,38,38,38,38,38,38,37,37,38,38,38,38,-2,-2,-2,-2,-2,-2,-2,-2,-2,-2,-2,-2,-1,-1,0,0,0,0,1,1,0,0,1,1,0,0,1,1,0,0,0,0,0,0,0,0,0,0,0,0,0,0,0,0,0,0,0,0,0,0,0,0,0,0,0,0,0,0,1,1,0,0,0,0,0,0,0,0,1,1,0,0,0,0,0,0,0,0,0,0,0,0,0,0,6,6,6,6,6,6,6,6,6,6,6,6,6,6,8,8,9,9,8,8,7,7,8,8,8,8,9,9,6,6,16,16,2,2,3,3,0,0,13,13,-15,-15,1,1,1,1,-1,-1,-1,-1,1,1,-1,-1,0,0,-3,-3,5,5,1,1,0,0,1,1,0,0,-4,-4
s009,Male,60 Up,Madhymik,Right,One Hand,10.444,7.222,7.778,8.222,8.444,8.667,773.222,2080.333,702.556,1370.667,1226.111,730.333,2335,12206,2248,2656,1857,2183,2324,12195,2240,2648,1847,2177,2344,12217,2259,2664,1865,2193,4,4,3,3,2,2,3,3,2,2,2,2,3,3,9,9,7,7,10,10,10,10,9,9,10,10,11,11,312,312,311,311,311,311,311,311,311,311,310,310,310,310,0,0,0,0,0,0,0,0,0,0,0,0,0,0,0,0,0,0,0,0,0,0,0,0,0,0,0,0,0,0,-1,-1,0,0,0,0,0,0,0,0,-1,-1,-1,-1,-1,-1,-2,-2,-2,-2,-1,-1,-2,-2,-1,-1,1,1,1,1,1,1,1,1,0,0,0,0,0,0,10,10,9,9,9,9,9,9,9,9,10,10,9,9,-6,-6,1,1,-1,-1,-2,-2,1,1,-11,-11,2,2,0,0,-4,-4,0,0,-2,-2,1,1,-3,-3,-3,-3,-2,-2,2,2,1,1,-2,-2,9,9,6,6,15,15
s010,Male,26 to 45,Master,Right,Both Hands,10.6,7.3,8,8.4,8.4,8.8,999.7,1980.9,697.2,1330.3,1208.8,741.5,3034,1088,649,965,1055,840,3026,1078,639,957,1045,832,3046,1096,659,975,1063,850,18,18,17,17,17,17,17,17,15,15,17,17,15,15,6,6,-5,-5,-1,-1,0,0,-2,-2,-1,-1,-4,-4,281,281,279,279,280,280,280,280,281,281,279,279,279,279,1,1,0,0,0,0,0,0,0,0,0,0,0,0,0,0,0,0,0,0,0,0,0,0,0,0,0,0,0,0,0,0,0,0,0,0,0,0,0,0,0,0,0,0,1,1,0,0,0,0,0,0,1,1,1,1,3,3,3,3,3,3,3,3,3,3,3,3,2,2,9,9,9,9,9,9,9,9,9,9,9,9,10,10,-5,-5,7,7,-2,-2,-12,-12,0,0,-8,-8,3,3,-3,-3,-5,-5,-4,-4,-2,-2,1,1,1,1,-3,-3,-1,-1,-6,-6,0,0,4,4,-7,-7,-5,-5,6,6
s011,Male,Bellow 18,Below Madhymik,Right,Both Hands,10.545,7.182,7.909,8.091,8.182,8.727,924.909,1834.364,681.273,1239.364,1133,694.909,173,370,520,331,377,228,167,363,515,325,369,221,183,376,527,336,383,236,9,9,11,11,13,13,15,15,16,16,15,15,15,15,0,0,0,0,0,0,-2,-2,-1,-1,-1,-1,-1,-1,299,299,299,299,298,298,299,299,299,299,299,299,299,299,0,0,0,0,0,0,0,0,0,0,0,0,0,0,0,0,0,0,0,0,0,0,1,1,0,0,0,0,1,1,-1,-1,0,0,0,0,0,0,0,0,1,1,0,0,0,0,0,0,1,1,0,0,0,0,0,0,2,2,2,2,3,3,3,3,3,3,3,3,3,3,10,10,9,9,10,10,9,9,9,9,9,9,10,10,9,9,9,9,-3,-3,5,5,-3,-3,-8,-8,1,1,3,3,0,0,-3,-3,-2,-2,-4,-4,-1,-1,-1,-1,-1,-1,-1,-1,-2,-2,-1,-1,-9,-9,-8,-8,6,6
s012,Male,60 Up,Gratuation,Right,One Hand,10.333,7.083,7.917,8.333,8.25,8.75,1167.333,1762,685.833,1206.333,1538.833,696.167,3832,968,739,841,6003,708,3826,960,728,832,5994,701,3840,974,747,852,6012,717,47,47,50,50,45,45,49,49,47,47,46,46,46,46,-12,-12,-14,-14,-18,-18,-15,-15,-16,-16,-17,-17,-16,-16,302,302,302,302,305,305,304,304,305,305,306,306,306,306,0,0,0,0,0,0,0,0,0,0,0,0,0,0,0,0,0,0,0,0,0,0,0,0,0,0,0,0,0,0,0,0,0,0,0,0,0,0,0,0,0,0,1,1,1,1,2,2,1,1,2,2,2,2,2,2,7,7,8,8,7,7,8,8,7,7,7,7,7,7,7,7,6,6,7,7,6,6,6,6,7,7,6,6,-6,-6,-5,-5,0,0,-2,-2,-1,-1,0,0,-1,-1,-1,-1,1,1,-1,-1,0,0,1,1,0,0,0,0,-11,-11,-7,-7,2,2,0,0,0,0,2,2,-2,-2
s013,Female,18 to 25,Gratuation,Right,One Hand,10.231,7.231,8,8.385,8.231,8.769,1115.923,1668.769,779.385,1156.077,1435,793.538,499,550,1902,552,190,1959,490,541,1893,544,181,1953,508,559,1911,561,198,1968,16,16,17,17,13,13,12,12,12,12,11,11,8,8,4,4,10,10,5,5,3,3,3,3,3,3,2,2,246,246,246,246,246,246,245,245,244,244,244,244,243,243,0,0,0,0,0,0,0,0,0,0,0,0,0,0,0,0,0,0,0,0,0,0,0,0,0,0,0,0,0,0,1,1,1,1,0,0,0,0,0,0,0,0,-1,-1,-2,-2,-1,-1,0,0,0,0,0,0,0,0,3,3,3,3,2,2,2,2,2,2,2,2,1,1,9,9,10,10,10,10,10,10,10,10,9,9,10,10,15,15,4,4,2,2,1,1,1,1,-13,-13,-4,-4,-6,-6,0,0,-4,-4,-1,-1,-2,-2,-1,-1,0,0,-8,-8,-12,-12,-2,-2,1,1,-2,-2,-8,-8,0,0
s014,Female,18 to 25,Higher Secondary,Right,Both Hands,10.214,7.357,7.857,8.214,8.143,8.786,1105.286,1563.5,751.429,1092.357,1354.214,753.214,966,192,388,265,306,227,957,186,382,258,297,220,976,201,394,271,313,236,36,36,33,33,34,34,42,42,39,39,33,33,37,37,-7,-7,-6,-6,-6,-6,-4,-4,-4,-4,-6,-6,-6,-6,304,304,304,304,305,305,306,306,307,307,306,306,307,307,0,0,0,0,1,1,0,0,0,0,0,0,0,0,0,0,0,0,0,0,0,0,0,0,0,0,0,0,0,0,0,0,1,1,0,0,0,0,0,0,0,0,1,1,1,1,1,1,1,1,0,0,1,1,1,1,6,6,5,5,5,5,6,6,6,6,5,5,6,6,8,8,8,8,9,9,8,8,7,7,8,8,8,8,16,16,7,7,19,19,9,9,5,5,-1,-1,7,7,0,0,0,0,10,10,-4,-4,-1,-1,2,2,-7,-7,-14,-14,-6,-6,9,9,-13,-13,-15,-15,11,11,-16,-16
s015,Female,46 to 60,Gratuation,Right,One Hand,10.333,7.267,7.733,8.2,8.4,8.733,1075.267,1492.933,831.867,1052.533,1367.4,716,649,505,1960,499,1548,201,643,499,1952,487,1540,187,661,511,1966,507,1560,209,32,32,32,32,32,32,33,33,34,34,34,34,35,35,-12,-12,-11,-11,-12,-12,-12,-12,-11,-11,-10,-10,-9,-9,145,145,144,144,145,145,146,146,147,147,148,148,148,148,1,1,0,0,0,0,0,0,0,0,0,0,0,0,0,0,0,0,0,0,0,0,0,0,0,0,0,0,0,0,1,1,1,1,0,0,1,1,-1,-1,0,0,2,2,2,2,2,2,2,2,2,2,2,2,1,1,5,5,5,5,5,5,5,5,5,5,5,5,5,5,8,8,9,9,9,9,8,8,9,9,7,7,8,8,1,1,-17,-17,-9,-9,-8,-8,-5,-5,1,1,0,0,-1,-1,0,0,4,4,2,2,-4,-4,-2,-2,2,2,7,7,-2,-2,2,2,5,5,7,7,9,9,0,0
s016,Male,Bellow 18,Below Madhymik,Right,Both Hands,10.188,7.188,8,8,8.312,8.812,1026.062,1431.25,821.75,1031.938,1355.25,686.375,286,512,663,725,1176,238,280,500,658,718,1166,232,294,518,675,730,1183,248,32,32,32,32,34,34,38,38,38,38,35,35,35,35,-6,-6,-3,-3,-1,-1,-8,-8,0,0,-3,-3,-2,-2,62,62,62,62,62,62,65,65,63,63,65,65,65,65,0,0,0,0,0,0,0,0,0,0,0,0,0,0,0,0,0,0,0,0,0,0,0,0,0,0,0,0,0,0,0,0,0,0,0,0,-1,-1,0,0,0,0,1,1,0,0,0,0,1,1,0,0,1,1,0,0,5,5,5,5,5,5,6,6,6,6,6,6,6,6,9,9,8,8,8,8,8,8,7,7,8,8,8,8,6,6,0,0,-1,-1,-2,-2,-9,-9,-5,-5,-18,-18,3,3,0,0,3,3,0,0,4,4,5,5,3,3,-19,-19,3,3,-4,-4,-11,-11,-4,-4,-6,-6,-13,-13
s017,Male,Bellow 18,Madhymik,Right,Both Hands,10.176,7.118,8.059,7.882,8.235,9,987.941,1411.353,854.118,997.118,1301.706,656.471,374,1096,1369,441,450,173,368,1087,1363,434,438,166,384,1102,1378,447,457,185,12,12,12,12,11,11,13,13,14,14,14,14,14,14,3,3,3,3,1,1,1,1,3,3,4,4,1,1,336,336,335,335,335,335,336,336,336,336,336,336,335,335,0,0,0,0,0,0,0,0,0,0,0,0,0,0,0,0,0,0,0,0,0,0,0,0,0,0,0,0,0,0,0,0,0,0,0,0,0,0,0,0,-1,-1,0,0,-1,-1,0,0,0,0,0,0,0,0,0,0,2,2,2,2,2,2,2,2,2,2,3,3,3,3,10,10,9,9,10,10,9,9,10,10,10,10,8,8,1,1,-12,-12,-6,-6,-7,-7,-7,-7,-5,-5,-18,-18,-3,-3,0,0,-2,-2,-2,-2,-3,-3,-8,-8,-2,-2,-14,-14,-14,-14,-19,-19,-16,-16,-10,-10,-2,-2,2,2
s018,Male,26 to 45,Gratuation,Right,One Hand,10.167,7.111,8.056,7.833,8.056,9,1192.889,1414.611,874.5,996.167,1339.556,680.5,4674,1471,1220,978,1987,1086,4667,1463,1213,973,1978,1080,4684,1478,1228,985,1992,1095,8,8,10,10,8,8,10,10,9,9,7,7,8,8,3,3,3,3,2,2,3,3,2,2,1,1,2,2,305,305,304,304,304,304,301,301,301,301,302,302,301,301,0,0,0,0,0,0,0,0,0,0,0,0,0,0,0,0,0,0,0,0,0,0,0,0,0,0,0,0,1,1,0,0,1,1,1,1,0,0,0,0,0,0,0,0,0,0,0,0,0,0,0,0,0,0,0,0,1,1,2,2,1,1,2,2,2,2,1,1,1,1,10,10,10,10,10,10,10,10,10,10,10,10,10,10,2,2,-2,-2,-8,-8,-8,-8,-11,-11,-2,-2,-7,-7,-4,-4,-2,-2,-1,-1,-2,-2,-1,-1,-3,-3,-2,-2,1,1,-12,-12,-8,-8,-6,-6,-18,-18,0,0,-6,-6
s019,Female,18 to 25,Higher Secondary,Right,One Hand,10.211,7.053,8.053,7.789,8,8.789,1154.684,1360.895,853,982.368,1309.316,645.053,462,396,465,734,763,6,456,388,458,727,758,2,473,402,473,741,770,11,4,4,4,4,4,4,4,4,4,4,4,4,4,4,-4,-4,-4,-4,-4,-4,-4,-4,-4,-4,-4,-4,-4,-4,309,309,309,309,309,309,309,309,309,309,309,309,309,309,0,0,0,0,0,0,0,0,0,0,0,0,0,0,0,0,0,0,0,0,0,0,0,0,0,0,0,0,0,0,0,0,0,0,0,0,0,0,0,0,0,0,1,1,1,1,1,1,1,1,1,1,1,1,1,1,1,1,1,1,1,1,1,1,1,1,1,1,1,1,10,10,10,10,10,10,10,10,9,9,10,10,10,10,-1,-1,1,1,-1,-1,-2,-2,-1,-1,0,0,0,0,0,0,0,0,0,0,0,0,0,0,0,0,0,0,1,1,0,0,0,0,0,0,-1,-1,0,0,0,0
s020,Male,60 Up,Gratuation,Right,One Hand,10.1,7.15,8,7.7,8.15,8.75,1230.1,1500.75,952.7,1105.75,1365.85,710.35,2664,4156,2846,3455,2437,1952,2655,4149,2840,3444,2429,1943,2672,4165,2853,3461,2448,1960,35,35,35,35,34,34,34,34,34,34,35,35,35,35,9,9,9,9,9,9,9,9,9,9,9,9,9,9,271,271,271,271,270,270,271,271,271,271,271,271,271,271,0,0,0,0,0,0,0,0,0,0,0,0,0,0,0,0,0,0,0,0,0,0,0,0,0,0,0,0,0,0,0,0,0,0,0,0,0,0,1,1,1,1,-1,-1,-1,-1,-1,-1,-1,-1,-1,-1,-1,-1,-1,-1,6,6,6,6,6,6,6,6,6,6,6,6,6,6,8,8,8,8,8,8,8,8,8,8,9,9,9,9,2,2,2,2,2,2,3,3,3,3,0,0,-1,-1,-1,-1,-1,-1,1,1,-1,-1,-3,-3,0,0,1,1,11,11,6,6,5,5,10,10,10,10,8,8,6,6
s021,Female,46 to 60,Gratuation,Right,One Hand,10.333,7.19,7.905,7.952,8.143,8.81,1378.524,1614.667,946.667,1115.286,1310.095,922.143,4340,3891,833,1301,197,5158,4332,3885,820,1293,187,5148,4355,3899,839,1314,205,5168,48,48,48,48,46,46,48,48,46,46,46,46,46,46,22,22,-2,-2,-2,-2,2,2,1,1,1,1,-1,-1,66,66,88,88,84,84,83,83,83,83,83,83,84,84,0,0,0,0,0,0,0,0,0,0,0,0,0,0,0,0,0,0,0,0,0,0,0,0,0,0,0,0,0,0,0,0,0,0,0,0,0,0,1,1,1,1,-2,-2,1,1,1,1,0,0,0,0,0,0,0,0,7,7,7,7,7,7,7,7,7,7,7,7,7,7,6,6,7,7,7,7,6,6,7,7,7,7,8,8,-1,-1,13,13,-7,-7,7,7,12,12,0,0,11,11,0,0,-5,-5,-1,-1,-2,-2,-6,-6,0,0,-7,-7,0,0,-3,-3,-5,-5,0,0,1,1,-1,-1,-2,-2
s022,Female,18 to 25,Gratuation,Right,Both Hands,10.318,7.227,7.955,7.909,8.364,9.091,1390.909,1595.545,937.5,1081.864,1268.682,889.091,1649,1195,743,386,401,188,1641,1186,736,373,386,180,1659,1203,752,393,414,203,14,14,14,14,13,13,14,14,15,15,16,16,15,15,1,1,0,0,0,0,0,0,1,1,1,1,0,0,354,354,354,354,354,354,354,354,354,354,354,354,353,353,0,0,0,0,0,0,0,0,0,0,0,0,0,0,0,0,0,0,0,0,0,0,0,0,0,0,0,0,0,0,0,0,0,0,0,0,0,0,0,0,-1,-1,0,0,0,0,0,0,0,0,0,0,0,0,0,0,2,2,2,2,2,2,2,2,3,3,3,3,3,3,10,10,10,10,9,9,10,10,9,9,9,9,9,9,0,0,-3,-3,1,1,0,0,-1,-1,2,2,-1,-1,-2,-2,-1,-1,-3,-3,-2,-2,-1,-1,-2,-2,1,1,0,0,2,2,-6,-6,0,0,10,10,6,6,4,4
s023,Female,18 to 25,Gratuation,Right,One Hand,10.391,7.217,8,7.87,8.435,9.043,1337.826,1546.478,919.739,1266.652,1238.13,898.565,165,469,527,5335,564,1109,158,460,520,5325,556,1099,177,476,536,5342,574,1117,2,2,2,2,2,2,2,2,2,2,2,2,2,2,-6,-6,-6,-6,-6,-6,-6,-6,-6,-6,-6,-6,-6,-6,89,89,89,89,89,89,89,89,89,89,89,89,89,89,0,0,0,0,0,0,0,0,0,0,0,0,0,0,0,0,0,0,0,0,0,0,0,0,0,0,0,0,0,0,0,0,0,0,0,0,0,0,0,0,0,0,1,1,1,1,1,1,1,1,1,1,1,1,1,1,1,1,0,0,0,0,0,0,0,0,0,0,0,0,10,10,10,10,10,10,9,9,10,10,9,9,10,10,2,2,0,0,1,1,-1,-1,-1,-1,0,0,0,0,0,0,0,0,0,0,0,0,0,0,0,0,0,0,-2,-2,0,0,1,1,0,0,0,0,-1,-1,-1,-1
s024,Female,18 to 25,Gratuation,Right,Both Hands,10.292,7.25,8.083,8.125,8.583,9,1292.708,1495.5,901.583,1332,1293.375,967.833,255,325,488,2833,2560,2562,247,315,474,2821,2552,2553,263,333,498,2847,2572,2570,34,34,29,29,29,29,30,30,33,33,24,24,17,17,8,8,6,6,5,5,5,5,12,12,7,7,-2,-2,202,202,201,201,202,202,202,202,203,203,200,200,118,118,0,0,0,0,0,0,0,0,-1,-1,0,0,0,0,0,0,-1,-1,0,0,0,0,0,0,0,0,-1,-1,0,0,0,0,0,0,0,0,0,0,0,0,-1,-1,-1,-1,-1,-1,0,0,-1,-1,-2,-2,-1,-1,0,0,6,6,4,4,5,5,4,4,5,5,4,4,2,2,8,8,9,9,8,8,9,9,8,8,9,9,9,9,26,26,0,0,13,13,13,13,8,8,7,7,34,34,-10,-10,4,4,-6,-6,-1,-1,5,5,3,3,-2,-2,-19,-19,-47,-47,-12,-12,-4,-4,3,3,5,5,2,2
s025,Female,18 to 25,Gratuation,Right,Both Hands,10.28,7.36,8.2,8.04,8.64,8.96,1253.28,1485,879.4,1302.12,1254.04,938.64,307,1234,342,589,308,238,297,1223,336,579,300,230,317,1244,353,595,318,246,26,26,21,21,23,23,23,23,21,21,24,24,22,22,5,5,-2,-2,3,3,3,3,0,0,3,3,0,0,307,307,304,304,305,305,305,305,303,303,304,304,303,303,0,0,0,0,0,0,0,0,0,0,0,0,0,0,0,0,0,0,0,0,0,0,0,0,0,0,0,0,0,0,0,0,0,0,-1,-1,0,0,0,0,1,1,-1,-1,1,1,0,0,0,0,0,0,-1,-1,0,0,4,4,4,4,4,4,4,4,3,3,4,4,4,4,8,8,9,9,9,9,8,8,9,9,9,9,10,10,-5,-5,-6,-6,-1,-1,0,0,13,13,-10,-10,9,9,-3,-3,-3,-3,-4,-4,-2,-2,2,2,-3,-3,4,4,-11,-11,-7,-7,-5,-5,-15,-15,6,6,-7,-7,8,8
s026,Male,46 to 60,Master,Right,One Hand,10.5,7.462,8.154,8.077,8.577,9,1228,1463,879.308,1269.962,1236.077,919.154,590,910,879,464,790,430,580,903,870,457,780,422,606,920,886,473,797,440,7,7,6,6,7,7,7,7,7,7,7,7,7,7,7,7,7,7,7,7,7,7,7,7,6,6,7,7,344,344,344,344,344,344,344,344,344,344,344,344,344,344,0,0,0,0,0,0,0,0,0,0,0,0,0,0,0,0,0,0,0,0,0,0,0,0,0,0,0,0,0,0,0,0,-2,-2,0,0,0,0,-1,-1,-1,-1,-1,-1,-1,-1,-1,-1,-1,-1,-1,-1,-1,-1,-1,-1,1,1,1,1,1,1,1,1,1,1,1,1,1,1,10,10,10,10,7,7,10,10,9,9,9,9,9,9,-12,-12,-5,-5,0,0,-7,-7,-20,-20,-3,-3,1,1,-1,-1,-1,-1,-7,-7,-1,-1,-3,-3,-2,-2,-3,-3,-9,-9,-5,-5,-6,-6,-9,-9,-19,-19,-5,-5,0,0
s027,Male,18 to 25,Gratuation,Right,Both Hands,10.63,7.63,8.185,8.037,8.593,8.963,1190.704,1419.259,860.407,1231.481,1200.667,895.148,219,279,367,233,279,271,207,270,360,224,271,263,233,291,376,240,288,279,32,32,32,32,32,32,35,35,34,34,33,33,34,34,0,0,0,0,1,1,-2,-2,0,0,1,1,2,2,6,6,5,5,5,5,5,5,6,6,6,6,7,7,0,0,0,0,0,0,0,0,0,0,0,0,0,0,0,0,0,0,0,0,0,0,0,0,0,0,0,0,0,0,0,0,1,1,0,0,0,0,1,1,0,0,0,0,0,0,0,0,1,1,0,0,0,0,0,0,5,5,5,5,5,5,5,5,5,5,5,5,5,5,8,8,9,9,9,9,8,8,8,8,9,9,8,8,0,0,8,8,2,2,19,19,-3,-3,4,4,-9,-9,-2,-2,0,0,-4,-4,1,1,3,3,2,2,1,1,-3,-3,1,1,5,5,-1,-1,-10,-10,3,3,0,0
s028,Female,18 to 25,Gratuation,Right,Both Hands,10.607,7.607,8.214,8.071,8.571,9,1180.286,1389.071,849.25,1221.893,1172.857,1019.893,896,576,548,962,424,4387,889,567,539,954,414,4378,906,583,557,971,432,4397,38,38,35,35,35,35,35,35,34,34,35,35,35,35,-3,-3,-7,-7,-4,-4,-4,-4,-5,-5,-4,-4,-5,-5,93,93,91,91,92,92,92,92,92,92,92,92,92,92,-1,-1,0,0,0,0,0,0,0,0,0,0,0,0,0,0,0,0,0,0,0,0,0,0,0,0,0,0,0,0,0,0,0,0,0,0,0,0,0,0,0,0,0,0,1,1,1,1,0,0,1,1,1,1,1,1,6,6,6,6,5,5,6,6,5,5,6,6,6,6,8,8,8,8,9,9,8,8,8,8,8,8,8,8,-15,-15,2,2,-8,-8,-12,-12,-6,-6,-7,-7,-7,-7,7,7,0,0,0,0,3,3,1,1,0,0,2,2,-12,-12,-3,-3,-4,-4,-8,-8,-7,-7,-10,-10,-8,-8
s029,Female,18 to 25,Higher Secondary,Right,Both Hands,10.586,7.586,8.207,8.069,8.517,8.966,1157.69,1364.345,837.966,1200.552,1164.31,1006.379,522,673,522,602,926,636,515,665,514,595,918,620,532,680,530,610,933,644,13,13,13,13,14,14,16,16,16,16,15,15,16,16,5,5,2,2,3,3,1,1,4,4,3,3,4,4,110,110,110,110,111,111,111,111,112,112,112,112,112,112,0,0,0,0,0,0,0,0,0,0,0,0,0,0,0,0,0,0,0,0,0,0,0,0,0,0,0,0,-1,-1,0,0,0,0,0,0,0,0,0,0,0,0,-1,-1,0,0,0,0,0,0,-1,-1,0,0,-1,-1,2,2,2,2,2,2,3,3,3,3,3,3,3,3,9,9,9,9,9,9,9,9,9,9,9,9,9,9,22,22,9,9,2,2,1,1,5,5,1,1,3,3,-3,-3,1,1,-2,-2,4,4,0,0,-1,-1,-1,-1,-10,-10,-3,-3,-5,-5,8,8,3,3,2,2,6,6
s030,Female,Bellow 18,Below Madhymik,Right,One Hand,10.6,7.633,8.133,8.2,8.567,8.933,1132.933,1330.4,822,1172.633,1137.067,979.9,413,343,365,361,345,212,404,337,353,351,337,204,424,352,371,373,355,220,25,25,23,23,22,22,22,22,23,23,25,25,26,26,8,8,10,10,9,9,9,9,10,10,12,12,13,13,1,1,359,359,358,358,359,359,0,0,2,2,2,2,0,0,0,0,0,0,0,0,0,0,0,0,0,0,0,0,0,0,0,0,0,0,0,0,0,0,0,0,0,0,1,1,0,0,0,0,0,0,0,0,-1,-1,-1,-1,-1,-1,-1,-1,-1,-1,-1,-1,-2,-2,-2,-2,4,4,4,4,4,4,4,4,4,4,4,4,4,4,9,9,10,10,9,9,9,9,9,9,9,9,8,8,-2,-2,-14,-14,-12,-12,-5,-5,3,3,2,2,9,9,-3,-3,-5,-5,1,1,0,0,2,2,0,0,2,2,-8,-8,0,0,-8,-8,4,4,11,11,6,6,-5,-5
s031,Female,Bellow 18,Below Madhymik,Right,Both Hands,10.742,7.645,8.129,8.161,8.806,8.935,1108.806,1297.677,814.452,1153.129,1129.484,948.645,378,316,587,577,895,8,370,308,580,561,886,2,393,324,595,584,911,17,19,19,18,18,18,18,23,23,23,23,29,29,29,29,-1,-1,-3,-3,-5,-5,-5,-5,-6,-6,-3,-3,-3,-3,322,322,323,323,322,322,323,323,323,323,321,321,321,321,0,0,0,0,0,0,0,0,0,0,0,0,0,0,0,0,0,0,0,0,0,0,0,0,0,0,0,0,1,1,0,0,0,0,0,0,0,0,-1,-1,-1,-1,0,0,0,0,1,1,0,0,1,1,0,0,0,0,3,3,3,3,3,3,4,4,4,4,5,5,5,5,10,10,9,9,9,9,9,9,10,10,8,8,8,8,-5,-5,-4,-4,-7,-7,-3,-3,1,1,-7,-7,-7,-7,5,5,0,0,-1,-1,0,0,0,0,1,1,1,1,-19,-19,-13,-13,-5,-5,8,8,4,4,6,6,6,6
s032,Female,Bellow 18,Below Madhymik,Right,One Hand,10.75,7.656,8.094,8.156,8.781,8.906,1093.281,1273.625,852.062,1131.719,1113.844,932.469,609,527,2019,468,629,431,601,520,2011,460,621,423,620,535,2026,476,637,439,36,36,36,36,33,33,36,36,36,36,36,36,36,36,-17,-17,-15,-15,-16,-16,-13,-13,-13,-13,-12,-12,-12,-12,345,345,344,344,344,344,344,344,344,344,344,344,344,344,0,0,1,1,0,0,0,0,0,0,0,0,0,0,0,0,0,0,0,0,0,0,0,0,0,0,0,0,3,3,-1,-1,0,0,0,0,0,0,0,0,0,0,2,2,3,3,2,2,2,2,2,2,2,2,2,2,6,6,6,6,5,5,6,6,6,6,6,6,6,6,10,10,6,6,8,8,8,8,8,8,8,8,8,8,-6,-6,25,25,-8,-8,-4,-4,-8,-8,-7,-7,-15,-15,11,11,3,3,-1,-1,2,2,4,4,1,1,0,0,-6,-6,-8,-8,-1,-1,-2,-2,-2,-2,-3,-3,-1,-1
s033,Female,Bellow 18,Below Madhymik,Right,One Hand,10.758,7.667,8.152,8.182,8.727,8.848,1077.152,1255.091,857.121,1118.333,1097.394,921.364,558,664,1018,688,571,569,550,654,1009,681,564,559,569,672,1028,697,578,576,36,36,38,38,35,35,35,35,34,34,36,36,34,34,8,8,12,12,8,8,8,8,6,6,8,8,7,7,67,67,67,67,68,68,68,68,68,68,68,68,68,68,0,0,0,0,0,0,0,0,0,0,0,0,0,0,0,0,0,0,0,0,0,0,0,0,0,0,0,0,0,0,0,0,0,0,0,0,0,0,0,0,0,0,-1,-1,-2,-2,-1,-1,-1,-1,-1,-1,-1,-1,-1,-1,6,6,6,6,6,6,5,5,5,5,6,6,5,5,8,8,8,8,8,8,8,8,8,8,8,8,8,8,1,1,-9,-9,1,1,-4,-4,-2,-2,-2,-2,-2,-2,-1,-1,0,0,-3,-3,-1,-1,1,1,-3,-3,2,2,5,5,-4,-4,-6,-6,-2,-2,3,3,-3,-3,2,2
s034,Female,Bellow 18,Below Madhymik,Right,Both Hands,10.706,7.765,8.118,8.147,8.735,9,1054.559,1237.5,852.176,1105.882,1101.412,905.294,311,653,689,697,1239,370,300,646,682,688,1225,361,320,664,696,704,1248,384,7,7,8,8,10,10,17,17,13,13,8,8,9,9,0,0,1,1,2,2,-3,-3,4,4,3,3,4,4,4,4,4,4,5,5,3,3,4,4,4,4,4,4,0,0,0,0,0,0,0,0,0,0,0,0,0,0,0,0,0,0,0,0,0,0,0,0,0,0,0,0,-1,-1,-1,-1,-1,-1,0,0,0,0,0,0,2,2,0,0,0,0,0,0,0,0,0,0,0,0,-1,-1,1,1,2,1,2,2,3,3,2,2,1,1,2,2,9,9,9,8,8,8,9,9,10,10,10,10,11,11,7,7,19,5,-12,-12,3,3,-8,-8,4,4,6,6,-2,-2,4,3,-6,-6,2,2,-2,-2,0,0,-1,-1,-11,-11,5,-17,0,0,-11,-11,-1,-1,-9,-9,1,1
s035,Male,18 to 25,Gratuation,Right,Both Hands,10.629,7.714,8.114,8.314,8.686,8.971,1031.543,1218.857,832.886,1105.943,1080.514,887.514,247,587,183,1101,371,285,241,579,169,1094,363,275,255,593,191,1115,378,293,30,30,31,31,25,25,27,27,26,26,29,29,27,27,-4,-4,-11,-11,-9,-9,-8,-8,-8,-8,-7,-7,-7,-7,29,29,28,28,25,25,25,25,26,26,26,26,25,25,0,0,1,1,0,0,0,0,0,0,0,0,0,0,0,0,0,0,0,0,0,0,0,0,0,0,0,0,1,1,1,1,1,1,2,2,1,1,2,2,3,3,0,0,3,3,2,2,1,1,1,1,1,1,1,1,5,5,5,5,4,4,4,4,4,4,5,5,5,5,9,9,9,9,10,10,10,10,9,9,11,11,11,11,-21,-21,29,29,14,14,-3,-3,4,4,-40,-40,-1,-1,2,2,-7,-7,0,0,3,3,1,1,0,0,-2,-2,6,6,-9,-9,5,5,-8,-8,-1,-1,0,0,26,26
s036,Male,18 to 25,Gratuation,Right,Both Hands,10.694,7.667,8.111,8.25,8.667,8.944,1006.528,1194.944,817.167,1080.806,1057.917,867.861,124,360,265,203,267,180,118,352,259,195,259,172,137,366,273,209,275,188,2,2,2,2,2,2,2,2,2,2,2,2,2,2,-3,-3,-3,-3,-3,-3,-3,-3,-3,-3,-3,-3,-3,-3,345,345,345,345,345,345,345,345,345,345,345,345,345,345,0,0,0,0,0,0,0,0,0,0,0,0,0,0,0,0,0,0,0,0,0,0,0,0,0,0,0,0,0,0,0,0,0,0,0,0,0,0,1,1,-1,-1,1,1,1,1,1,1,1,1,1,1,1,1,1,1,0,0,0,0,0,0,0,0,0,0,0,0,0,0,10,10,9,9,9,9,10,10,10,10,11,11,9,9,-1,-1,-2,-2,-4,-4,0,0,0,0,3,3,-1,-1,0,0,-1,-1,0,0,0,0,0,0,0,0,0,0,1,1,-2,-2,2,2,0,0,-1,-1,0,0,-1,-1
s037,Male,18 to 25,Gratuation,Right,Both Hands,10.595,7.622,8.081,8.216,8.649,8.973,989.514,1177.541,807.027,1068.568,1041.595,853.865,376,552,442,629,456,348,370,545,435,621,446,340,383,558,449,636,464,358,33,33,33,33,33,33,32,32,33,33,35,35,37,37,3,3,2,2,1,1,1,1,2,2,1,1,3,3,221,221,221,221,221,221,221,221,221,221,222,222,223,223,0,0,0,0,0,0,0,0,0,0,0,0,0,0,0,0,0,0,0,0,0,0,0,0,0,0,0,0,0,0,0,0,0,0,0,0,0,0,0,0,0,0,-1,-1,0,0,0,0,0,0,0,0,0,0,0,0,5,5,5,5,5,5,5,5,5,5,6,6,6,6,8,8,8,8,8,8,8,8,8,8,8,8,8,8,-6,-6,-15,-15,10,10,6,6,-1,-1,-12,-12,-1,-1,1,1,2,2,-2,-2,5,5,5,5,2,2,1,1,-2,-2,-2,-2,11,11,3,3,-12,-12,8,8,5,5
s038,Male,18 to 25,Higher Secondary,Right,Both Hands,10.526,7.632,8.079,8.263,8.711,8.921,975.895,1155.263,797,1053.079,1023.421,890.658,472,331,428,481,347,2253,464,323,418,470,340,2245,480,339,436,491,358,2260,13,13,14,14,14,14,14,14,14,14,14,14,14,14,-3,-3,-3,-3,-3,-3,-2,-2,-3,-3,-3,-3,-2,-2,44,44,44,44,44,44,44,44,44,44,44,44,43,43,0,0,0,0,0,0,0,0,0,0,0,0,0,0,0,0,0,0,0,0,0,0,0,0,0,0,0,0,1,1,-1,-1,0,0,1,1,0,0,1,1,1,1,0,0,1,1,1,1,0,0,0,0,0,0,0,0,2,2,2,2,2,2,2,2,2,2,2,2,2,2,10,10,9,9,10,10,10,10,10,10,10,10,10,10,-5,-5,1,1,5,5,-5,-5,1,1,-8,-8,-3,-3,2,2,-1,-1,1,1,3,3,3,3,2,2,0,0,7,7,4,4,-1,-1,-3,-3,0,0,2,2,10,10
s039,Male,18 to 25,Higher Secondary,Right,Both Hands,10.436,7.564,8.026,8.231,8.692,8.949,965.846,1130.41,792.846,1052.538,1007.179,875.897,582,187,636,1033,392,313,577,181,629,1025,382,305,589,192,642,1040,400,323,28,28,28,28,29,29,24,24,27,27,28,28,30,30,1,1,1,1,0,0,-5,-5,-3,-3,0,0,-4,-4,62,62,62,62,61,61,62,62,63,63,63,63,63,63,0,0,0,0,0,0,0,0,0,0,0,0,0,0,0,0,0,0,0,0,0,0,0,0,0,0,0,0,1,1,1,1,0,0,0,0,0,0,1,1,1,1,0,0,0,0,0,0,1,1,1,1,0,0,1,1,5,5,5,5,5,5,4,4,4,4,5,5,5,5,9,9,10,10,8,8,9,9,9,9,10,10,9,9,-18,-18,-8,-8,-19,-19,1,1,-1,-1,-6,-6,-31,-31,-3,-3,-3,-3,0,0,2,2,1,1,1,1,-1,-1,-4,-4,1,1,-10,-10,-2,-2,0,0,16,16,1,1
s040,Male,18 to 25,Higher Secondary,Right,Both Hands,10.4,7.6,8,8.225,8.65,8.925,951.45,1114.2,779.275,1038.9,989.425,863.85,390,480,251,506,298,395,381,473,243,499,290,386,399,489,258,514,305,403,13,13,13,13,13,13,14,14,12,12,12,12,12,12,6,6,-1,-1,0,0,0,0,1,1,2,2,2,2,49,49,47,47,47,47,48,48,48,48,48,48,48,48,0,0,0,0,0,0,0,0,0,0,0,0,0,0,0,0,0,0,0,0,0,0,0,0,0,0,0,0,1,1,0,0,1,1,0,0,0,0,0,0,-1,-1,-1,-1,0,0,0,0,0,0,0,0,-1,-1,0,0,3,3,2,2,2,2,2,2,2,2,2,2,2,2,11,11,10,10,10,10,10,10,10,10,10,10,8,8,-13,-13,16,16,-5,-5,-11,-11,11,11,-16,-16,-23,-23,-1,-1,-3,-3,4,4,-1,-1,1,1,1,1,2,2,-5,-5,3,3,-3,-3,-1,-1,-4,-4,3,3,3,3
s041,Male,18 to 25,Higher Secondary,Right,Both Hands,10.366,7.756,8,8.22,8.659,8.878,936.634,1103.61,822.049,1028.756,973.683,848.415,349,674,2533,624,342,232,335,666,2525,615,335,224,358,688,2541,632,351,239,56,56,56,56,54,54,57,57,55,55,54,54,55,55,-13,-13,-12,-12,-13,-13,-13,-13,-11,-11,-11,-11,-11,-11,37,37,37,37,36,36,36,36,35,35,35,35,35,35,0,0,0,0,1,1,0,0,0,0,0,0,0,0,0,0,0,0,0,0,0,0,0,0,0,0,0,0,0,0,0,0,2,2,-1,-1,1,1,1,1,1,1,1,1,1,1,2,2,1,1,1,1,2,2,1,1,8,8,8,8,8,8,8,8,8,8,8,8,8,8,5,5,5,5,7,7,4,4,7,7,7,7,7,7,-4,-4,-4,-4,-1,-1,-1,-1,-6,-6,6,6,-7,-7,2,2,-2,-2,0,0,3,3,1,1,-1,-1,2,2,-4,-4,-12,-12,14,14,18,18,12,12,10,10,3,3
s042,Male,18 to 25,Gratuation,Right,Both Hands,10.357,7.786,8.024,8.19,8.643,8.857,918,1082.405,807.571,1010.286,955.381,830.262,153,213,212,254,205,88,144,204,205,246,197,78,163,222,221,261,213,96,17,17,17,17,18,18,18,18,20,20,21,21,21,21,-3,-3,-2,-2,-1,-1,-1,-1,3,3,6,6,7,7,22,22,23,23,23,23,24,24,25,25,26,26,26,26,0,0,0,0,0,0,0,0,0,0,0,0,0,0,0,0,0,0,0,0,0,0,0,0,0,0,0,0,0,0,0,0,-1,-1,0,0,0,0,0,0,-1,-1,1,1,1,1,0,0,0,0,-1,-1,-1,-1,-1,-1,3,3,3,3,3,3,3,3,3,3,3,3,3,3,9,9,9,9,9,9,9,9,9,9,9,9,9,9,-1,-1,-8,-8,-10,-10,-2,-2,-2,-2,15,15,7,7,1,1,-1,-1,1,1,3,3,4,4,3,3,3,3,-6,-6,-6,-6,-3,-3,1,1,-7,-7,1,1,-2,-2
s043,Female,18 to 25,Gratuation,Right,Both Hands,10.279,7.814,8.023,8.163,8.605,8.814,912.419,1085.419,860.767,1003.093,961.14,819.209,680,1211,3094,701,1203,358,671,1203,3087,694,1196,348,687,1220,3102,708,1210,365,35,35,34,34,34,34,34,34,34,34,39,39,39,39,1,1,-2,-2,-6,-6,-6,-6,-2,-2,1,1,3,3,101,101,101,101,104,104,107,107,107,107,105,105,104,104,0,0,0,0,0,0,0,0,0,0,0,0,0,0,0,0,0,0,0,0,0,0,0,0,0,0,0,0,0,0,0,0,0,0,-1,-1,-1,-1,0,0,1,1,0,0,0,0,1,1,1,1,0,0,0,0,0,0,6,6,5,5,5,5,5,5,6,6,6,6,6,6,8,8,8,8,8,8,7,7,7,7,8,8,8,8,7,7,6,6,0,0,9,9,-1,-1,16,16,-1,-1,2,2,-3,-3,1,1,4,4,1,1,-3,-3,-1,-1,-6,-6,-4,-4,-5,-5,-30,-30,-13,-13,4,4,-4,-4
s044,Male,18 to 25,Gratuation,Right,Both Hands,10.273,7.795,8.068,8.136,8.568,8.864,898.045,1070.705,853.977,988.636,948.614,807.25,277,441,559,367,414,291,270,431,552,360,403,282,287,448,569,374,421,302,32,32,32,32,35,35,37,37,40,40,35,35,36,36,-5,-5,-4,-4,-5,-5,-8,-8,-2,-2,-4,-4,-5,-5,259,259,259,259,260,260,260,260,260,260,261,261,262,262,0,0,-1,-1,0,0,0,0,0,0,0,0,1,1,0,0,0,0,0,0,0,0,0,0,0,0,0,0,1,1,1,1,0,0,1,1,-1,-1,-1,-1,2,2,1,1,0,0,1,1,1,1,1,1,1,1,2,2,5,5,5,5,6,6,6,6,6,6,6,6,6,6,9,9,9,9,8,8,9,9,7,7,7,7,10,10,19,19,12,12,-36,-36,10,10,-25,-25,-16,-16,-15,-15,0,0,-4,-4,15,15,-12,-12,0,0,-1,-1,-3,-3,-8,-8,2,2,2,2,16,16,-33,-33,-16,-16,11,11
s045,Male,18 to 25,Gratuation,Right,Both Hands,10.267,7.822,8.178,8.133,8.556,8.844,885.089,1055.978,842.067,976.156,935.178,797.156,314,412,313,427,344,358,305,399,305,419,336,345,324,421,326,435,352,366,64,64,64,64,63,63,64,64,62,62,63,63,63,63,0,0,2,2,-2,-2,-2,-2,-6,-6,-5,-5,-6,-6,130,130,129,129,132,132,132,132,133,133,132,132,131,131,0,0,0,0,0,0,0,0,0,0,0,0,0,0,0,0,0,0,0,0,0,0,0,0,0,0,0,0,1,1,0,0,0,0,1,1,1,1,1,1,1,1,0,0,0,0,0,0,0,0,0,0,0,0,1,1,9,9,9,9,8,8,9,9,8,8,9,9,9,9,6,6,5,5,5,5,5,5,5,5,5,5,5,5,2,2,2,2,-2,-2,-8,-8,-8,-8,-14,-14,-9,-9,2,2,4,4,-1,-1,1,1,-1,-1,1,1,-4,-4,15,15,7,7,12,12,-3,-3,9,9,-4,-4,1,1
s046,Female,Bellow 18,Madhymik,Right,Both Hands,10.326,8,8.174,8.109,8.587,8.891,870.304,1041.435,831.609,1059.087,946,790.217,208,379,360,4794,1434,474,192,371,353,4784,1423,467,221,395,368,4801,1444,485,1,1,0,0,1,1,1,1,1,1,1,1,1,1,-4,-4,-4,-4,-4,-4,-4,-4,-3,-3,-3,-3,-3,-3,257,257,258,258,258,258,258,258,257,257,257,257,257,257,0,0,0,0,0,0,0,0,0,0,0,0,0,0,0,0,0,0,0,0,0,0,0,0,0,0,0,0,-1,-1,-1,-1,0,0,-1,-1,0,0,0,0,0,0,1,1,1,1,1,1,1,1,1,1,1,1,1,1,0,0,0,0,0,0,0,0,0,0,0,0,0,0,9,9,9,9,10,10,9,9,10,10,9,9,10,10,3,3,27,27,-7,-7,-8,-8,2,2,-6,-6,-2,-2,0,0,0,0,0,0,0,0,0,0,0,0,0,0,2,2,11,11,-3,-3,-3,-3,1,1,-2,-2,0,0
s047,Female,Bellow 18,Madhymik,Right,Both Hands,10.277,8.064,8.277,8.128,8.617,8.872,858.34,1023.681,818.489,1041.34,932.191,777.277,311,209,211,226,295,182,300,196,202,216,287,174,319,220,224,235,305,190,6,6,5,5,5,5,5,5,7,7,9,9,8,8,3,3,5,5,4,4,5,5,6,6,0,0,0,0,221,221,221,221,220,220,221,221,221,221,220,220,220,220,0,0,1,1,1,1,0,0,0,0,0,0,0,0,0,0,0,0,0,0,0,0,0,0,0,0,0,0,1,1,-1,-1,1,1,1,1,3,3,0,0,0,0,-1,-1,0,0,0,0,-1,-1,-1,-1,0,0,0,0,1,1,1,1,1,1,1,1,1,1,2,2,1,1,11,11,9,9,10,10,11,11,12,12,10,10,10,10,-6,-6,-1,-1,-6,-6,-19,-19,-6,-6,-3,-3,-13,-13,-1,-1,1,1,-5,-5,-1,-1,4,4,-2,-2,-5,-5,-23,-23,7,7,9,9,14,14,15,15,1,1,-2,-2
s048,Female,Bellow 18,Madhymik,Right,Both Hands,10.25,8.042,8.292,8.125,8.708,8.896,850.104,1043.188,811.792,1046.146,942.771,770.458,461,1962,496,1277,1437,448,454,1953,488,1264,1427,440,470,1969,505,1285,1450,458,18,18,18,18,16,16,19,19,17,17,17,17,18,18,8,8,9,9,1,1,7,7,6,6,4,4,7,7,128,128,127,127,126,126,128,128,127,127,127,127,127,127,0,0,0,0,0,0,0,0,0,0,0,0,0,0,0,0,0,0,0,0,0,0,0,0,0,0,0,0,-1,-1,1,1,0,0,0,0,0,0,0,0,0,0,-2,-2,-2,-2,0,0,-1,-1,-1,-1,0,0,-1,-1,3,3,3,3,3,3,3,3,3,3,3,3,3,3,8,8,10,10,10,10,9,9,9,9,9,9,9,9,-8,-8,-3,-3,-3,-3,-21,-21,-1,-1,-2,-2,-7,-7,-2,-2,-5,-5,0,0,-5,-5,-1,-1,-2,-2,-4,-4,-12,-12,-3,-3,1,1,-11,-11,-3,-3,-6,-6,-8,-8
s049,Female,Bellow 18,Madhymik,Right,Both Hands,10.306,8.061,8.265,8.143,8.694,8.898,840.714,1055.898,811.224,1119.143,953.429,761.388,386,1664,786,4622,1466,324,377,1657,777,4614,1457,317,399,1673,793,4631,1474,333,27,27,27,27,26,26,30,30,27,27,25,25,26,26,-1,-1,0,0,-3,-3,4,4,2,2,0,0,2,2,165,165,165,165,165,165,164,164,164,164,163,163,162,162,0,0,0,0,0,0,-1,-1,0,0,0,0,-1,-1,0,0,0,0,0,0,0,0,0,0,0,0,0,0,0,0,0,0,0,0,0,0,-1,-1,-1,-1,-2,-2,0,0,0,0,0,0,-1,-1,-1,-1,0,0,-1,-1,4,4,4,4,4,4,5,5,4,4,4,4,4,4,9,9,9,9,9,9,8,8,8,8,8,8,7,7,5,5,3,3,-10,-10,-15,-15,-10,-10,-12,-12,-24,-24,-1,-1,1,1,0,0,2,2,-1,-1,0,0,0,0,-6,-6,2,2,-10,-10,-15,-15,-8,-8,-9,-9,-14,-14
s050,Female,Bellow 18,Madhymik,Right,Both Hands,10.26,8.08,8.3,8.1,8.74,8.96,828.72,1065.62,799.8,1137.04,939.86,754.66,242,1543,236,2019,276,423,233,1533,230,2008,264,413,250,1552,246,2025,287,435,17,17,18,18,17,17,18,18,17,17,17,17,17,17,7,7,11,11,7,7,7,7,3,3,3,3,3,3,25,25,25,25,23,23,23,23,24,24,24,24,23,23,0,0,0,0,0,0,0,0,0,0,0,0,0,0,0,0,0,0,0,0,0,0,0,0,0,0,0,0,1,1,1,1,1,1,-1,-1,-1,-1,0,0,-1,-1,-1,-1,-1,-1,-1,-1,-1,-1,0,0,-1,-1,0,0,3,3,3,3,3,3,3,3,3,3,3,3,3,3,10,10,10,10,10,10,8,8,8,8,9,9,9,9,14,14,8,8,3,3,-1,-1,2,2,-18,-18,-10,-10,1,1,0,0,-5,-5,1,1,-3,-3,-7,-7,0,0,-12,-12,-15,-15,-6,-6,1,1,2,2,-13,-13,-9,-9
s051,Female,Bellow 18,Madhymik,Right,Both Hands,10.255,8.098,8.353,8.157,8.804,8.941,817.353,1062.157,797.765,1122.49,929.431,747.353,248,891,696,396,404,386,239,880,685,384,396,374,258,900,707,407,416,394,19,19,19,19,21,21,25,25,24,24,20,20,22,22,-12,-12,-10,-10,-9,-9,-4,-4,-6,-6,-9,-9,-8,-8,143,143,143,143,145,145,148,148,147,147,146,146,147,147,0,0,0,0,0,0,-1,-1,0,0,0,0,0,0,0,0,0,0,0,0,0,0,0,0,0,0,0,0,0,0,0,0,0,0,0,0,0,0,0,0,0,0,2,2,2,2,1,1,0,0,1,1,1,1,1,1,3,3,3,3,3,3,5,5,4,4,3,3,4,4,9,9,9,9,9,9,9,9,9,9,9,9,9,9,7,7,4,4,-1,-1,-22,-22,-13,-13,-4,-4,-2,-2,0,0,1,1,1,1,-4,-4,-2,-2,-1,-1,-3,-3,-3,-3,-1,-1,-7,-7,-18,-18,-17,-17,-4,-4,-7,-7
s052,Female,26 to 45,Madhymik,Right,One Hand,10.192,8.096,8.423,8.135,8.75,8.942,823.673,1059.115,823.346,1121.596,926.096,736.731,1147,908,2123,1075,759,193,1139,896,2116,1069,750,186,1154,916,2135,1082,765,202,-3,-3,-3,-3,-3,-3,-3,-3,-3,-3,-3,-3,-3,-3,-3,-3,-3,-3,-3,-3,-3,-3,-3,-3,-3,-3,-3,-3,344,344,344,344,344,344,344,344,344,344,344,344,344,344,0,0,0,0,0,0,0,0,0,0,0,0,0,0,0,0,0,0,0,0,0,0,0,0,0,0,0,0,0,0,0,0,0,0,0,0,0,0,0,0,0,0,1,1,1,1,1,1,1,1,1,1,0,0,1,1,0,0,0,0,0,0,0,0,0,0,0,0,0,0,10,10,10,10,10,10,10,10,10,10,10,10,10,10,0,0,-1,-1,1,1,0,0,0,0,0,0,0,0,0,0,0,0,0,0,0,0,0,0,0,0,0,0,-1,-1,0,0,0,0,0,0,0,0,0,0,0,0
s053,Male,46 to 60,Madhymik,Right,One Hand,10.245,8.113,8.604,8.151,8.792,8.943,828.849,1104.811,854.358,1116.132,950.642,746.094,1094,3490,2458,834,2225,1233,1085,3472,2449,823,2216,1224,1107,3499,2476,843,2236,1242,40,40,44,44,35,35,44,44,43,43,33,33,41,41,-10,-10,-12,-12,-18,-18,-12,-12,-15,-15,-13,-13,-14,-14,251,251,256,256,250,250,251,251,255,255,247,247,252,252,0,0,0,0,0,0,0,0,0,0,0,0,0,0,0,0,0,0,0,0,0,0,0,0,0,0,0,0,0,0,0,0,0,0,0,0,0,0,0,0,0,0,1,1,2,2,3,3,2,2,2,2,2,2,2,2,7,7,7,7,6,6,7,7,7,7,6,6,7,7,8,8,7,7,8,8,7,7,7,7,9,9,8,8,0,0,0,0,0,0,0,0,0,0,0,0,0,0,0,0,0,0,0,0,0,0,0,0,0,0,0,0,0,0,0,0,0,0,0,0,0,0,0,0,0,0
s054,Male,18 to 25,Gratuation,Right,Both Hands,10.222,8.185,8.63,8.222,8.907,9.056,818.259,1102.519,846.278,1098.611,963.574,737.778,260,979,420,173,1649,296,248,969,408,158,1634,282,269,991,430,185,1664,311,32,32,35,35,35,35,35,35,40,40,35,35,39,39,12,12,6,6,10,10,9,9,5,5,6,6,10,10,233,233,235,235,235,235,231,231,238,238,237,237,238,238,0,0,0,0,0,0,0,0,0,0,0,0,0,0,0,0,0,0,0,0,0,0,0,0,0,0,0,0,0,0,0,0,0,0,0,0,0,0,0,0,0,0,-2,-2,-1,-1,-1,-1,-1,-1,-1,-1,-1,-1,-1,-1,5,5,5,5,5,5,6,6,6,6,6,6,6,6,9,9,8,8,8,8,8,8,8,8,8,8,7,7,0,0,0,0,0,0,0,0,0,0,0,0,0,0,0,0,0,0,0,0,0,0,0,0,0,0,0,0,0,0,0,0,0,0,0,0,0,0,0,0,0,0
s055,Male,46 to 60,Gratuation,Right,One Hand,10.255,8.2,8.673,8.236,8.964,9.073,832.345,1130.036,862.055,1281.745,949.818,821.527,1590,2618,1712,11174,205,5345,1581,2607,1703,11162,195,5334,1602,2627,1723,11183,217,5355,22,22,26,26,24,24,26,26,25,25,25,25,18,18,4,4,9,9,3,3,4,4,4,4,3,3,1,1,164,164,164,164,165,165,163,163,160,160,160,160,163,163,0,0,0,0,0,0,0,0,0,0,0,0,0,0,0,0,0,0,0,0,0,0,0,0,0,0,0,0,0,0,-1,-1,0,0,0,0,0,0,0,0,0,0,-1,-1,-2,-2,0,0,0,0,-1,-1,0,0,0,0,4,4,4,4,4,4,4,4,4,4,4,4,3,3,9,9,8,8,9,9,9,9,9,9,9,9,9,9,-1,-1,-6,-6,3,3,-2,-2,-4,-4,-6,-6,7,7,0,0,-1,-1,1,1,0,0,0,0,-1,-1,-1,-1,1,1,0,0,13,13,0,0,-2,-2,-2,-2,5,5
s056,Male,26 to 45,Gratuation,Right,One Hand,10.304,8.268,8.643,8.214,8.982,9.054,823,1114.893,852.339,1265.875,945.393,811.554,308,277,318,396,700,265,296,270,311,386,692,255,321,289,325,403,710,273,17,17,17,17,17,17,19,19,19,19,17,17,18,18,-7,-7,-3,-3,-3,-3,-2,-2,-4,-4,-6,-6,-5,-5,223,223,222,222,223,223,228,228,226,226,225,225,226,226,1,1,0,0,1,1,1,1,0,0,0,0,0,0,1,1,0,0,0,0,0,0,0,0,0,0,0,0,0,0,0,0,0,0,0,0,0,0,0,0,0,0,2,2,0,0,1,1,1,1,0,0,1,1,1,1,3,3,3,3,3,3,4,4,3,3,3,3,3,3,9,9,9,9,10,10,9,9,9,9,9,9,10,10,19,19,13,13,16,16,15,15,1,1,14,14,3,3,-3,-3,0,0,4,4,-2,-2,-8,-8,2,2,5,5,-21,-21,-35,-35,-3,-3,-13,-13,-2,-2,-7,-7,-1,-1
s057,Female,18 to 25,Gratuation,Right,One Hand,10.316,8.263,8.614,8.228,8.982,9.07,811.912,1106.351,843.754,1262.07,948.509,803.158,188,627,365,1049,1124,333,180,620,356,1040,1114,323,199,635,372,1058,1133,343,-9,-9,-9,-9,-9,-9,-9,-9,-9,-9,-9,-9,-9,-9,10,10,10,10,10,10,11,11,11,11,11,11,11,11,348,348,349,349,349,349,349,349,348,348,348,348,348,348,0,0,0,0,0,0,0,0,0,0,0,0,0,0,0,0,0,0,0,0,0,0,0,0,0,0,0,0,0,0,0,0,0,0,0,0,0,0,0,0,0,0,-2,-2,-1,-1,-1,-1,-2,-2,-2,-2,-2,-2,-2,-2,-1,-1,-1,-1,-2,-2,-1,-1,-1,-1,-1,-1,-2,-2,9,9,10,10,10,10,9,9,10,10,10,10,10,10,4,4,9,9,-16,-16,-4,-4,-3,-3,-14,-14,-9,-9,0,0,0,0,0,0,-1,-1,1,1,0,0,-3,-3,3,3,-2,-2,-6,-6,0,0,-3,-3,-8,-8,-5,-5
s058,Female,26 to 45,Master,Right,One Hand,10.293,8.293,8.586,8.241,8.966,9.052,825.328,1110.828,869.862,1249.5,942.552,797.948,1591,1363,2360,532,603,504,1581,1356,2351,524,595,493,1600,1373,2367,541,611,512,20,20,20,20,19,19,19,19,19,19,20,20,19,19,-13,-13,-13,-13,-14,-14,-13,-13,-14,-14,-13,-13,-13,-13,101,101,102,102,102,102,102,102,102,102,102,102,101,101,1,1,0,0,0,0,1,1,0,0,0,0,0,0,0,0,0,0,0,0,0,0,0,0,0,0,0,0,1,1,1,1,0,0,1,1,0,0,0,0,0,0,3,3,2,2,2,2,3,3,3,3,2,2,2,2,3,3,3,3,3,3,3,3,3,3,3,3,3,3,10,10,10,10,9,9,10,10,9,9,9,9,9,9,2,2,3,3,2,2,2,2,2,2,4,4,5,5,-3,-3,-4,-4,0,0,-5,-5,-1,-1,-5,-5,-1,-1,2,2,13,13,-7,-7,5,5,0,0,1,1,3,3
s059,Female,Bellow 18,Below Madhymik,Right,Both Hands,10.322,8.271,8.576,8.22,9.034,9.068,815.441,1105.339,882.322,1244.763,933.627,789.237,237,788,1604,976,413,282,230,780,1597,963,403,274,249,795,1612,983,426,292,19,19,20,20,17,17,21,21,19,19,19,19,18,18,3,3,3,3,-1,-1,3,3,-1,-1,-1,-1,1,1,189,189,189,189,188,188,188,188,189,189,189,189,189,189,0,0,0,0,0,0,0,0,0,0,0,0,1,1,0,0,0,0,0,0,0,0,-1,-1,0,0,0,0,0,0,-1,-1,0,0,0,0,0,0,0,0,0,0,0,0,-1,-1,0,0,0,0,0,0,1,1,0,0,3,3,3,3,3,3,4,4,3,3,3,3,3,3,9,9,8,8,9,9,9,9,9,9,9,9,9,9,9,9,24,24,3,3,-10,-10,1,1,16,16,3,3,2,2,0,0,-6,-6,0,0,-4,-4,-1,-1,-7,-7,-17,-17,-27,-27,-35,-35,-10,-10,-20,-20,-16,-16,-14,-14
s060,Male,Bellow 18,Below Madhymik,Right,Both Hands,10.35,8.233,8.633,8.183,9.017,9.067,807.867,1092.667,871.683,1231.8,924.85,778.983,355,351,238,469,408,170,349,339,232,461,399,165,367,357,250,475,416,179,34,34,35,35,34,34,36,36,36,36,36,36,36,36,-13,-13,-9,-9,-10,-10,-10,-10,-6,-6,-3,-3,-1,-1,346,346,347,347,348,348,347,347,349,349,350,350,352,352,0,0,0,0,0,0,0,0,0,0,0,0,0,0,0,0,0,0,0,0,0,0,0,0,0,0,0,0,0,0,0,0,0,0,0,0,0,0,0,0,0,0,2,2,1,1,2,2,2,2,1,1,1,1,0,0,5,5,5,5,5,5,6,6,6,6,6,6,6,6,8,8,8,8,8,8,8,8,8,8,8,8,8,8,-2,-2,-8,-8,-1,-1,4,4,12,12,9,9,-27,-27,2,2,4,4,-4,-4,0,0,-1,-1,2,2,-4,-4,-6,-6,-11,-11,-5,-5,-10,-10,-3,-3,-5,-5,-34,-34
s061,Female,18 to 25,Gratuation,Right,Both Hands,10.344,8.23,8.607,8.213,9.033,9.098,797.852,1081.295,867.033,1220.328,916.918,769.541,195,398,591,532,442,200,187,391,581,522,431,192,205,406,598,542,452,211,30,30,27,27,29,29,32,32,31,31,30,30,31,31,-4,-4,-8,-8,-8,-8,-3,-3,-6,-6,-7,-7,-5,-5,352,352,349,349,350,350,352,352,349,349,350,350,350,350,0,0,0,0,0,0,0,0,0,0,0,0,0,0,0,0,0,0,0,0,0,0,0,0,0,0,0,0,0,0,0,0,-1,-1,-1,-1,0,0,0,0,-1,-1,1,1,1,1,1,1,1,1,1,1,2,2,1,1,5,5,4,4,5,5,6,6,5,5,5,5,5,5,9,9,9,9,8,8,8,8,8,8,8,8,7,7,-62,-62,-27,-27,-9,-9,-25,-25,-15,-15,4,4,-17,-17,-24,-24,-2,-2,-4,-4,-13,-13,-5,-5,-4,-4,-9,-9,-38,-38,-15,-15,-14,-14,-28,-28,-24,-24,-6,-6,-20,-20
s062,Male,46 to 60,Master,Right,One Hand,10.339,8.29,8.597,8.194,9,9.065,791.21,1085.29,876.339,1203.645,908.726,780.613,388,1325,1443,186,409,1459,376,1317,1436,179,402,1449,398,1337,1451,193,416,1466,9,9,9,9,9,9,10,10,9,9,9,9,9,9,-5,-5,-6,-6,-6,-6,-5,-5,-5,-5,-5,-5,-6,-6,3,3,3,3,3,3,2,2,2,2,3,3,3,3,0,0,0,0,0,0,0,0,0,0,0,0,0,0,0,0,0,0,0,0,0,0,0,0,0,0,0,0,0,0,0,0,0,0,0,0,0,0,0,0,0,0,1,1,1,1,1,1,1,1,1,1,1,1,1,1,2,2,2,2,2,2,2,2,2,2,2,2,2,2,10,10,10,10,11,11,10,10,10,10,10,10,10,10,0,0,0,0,0,0,0,0,0,0,0,0,0,0,0,0,0,0,0,0,0,0,0,0,0,0,0,0,0,0,0,0,0,0,0,0,0,0,0,0,0,0
s063,Male,Bellow 18,Madhymik,Right,Both Hands,10.333,8.302,8.635,8.159,9.079,9.032,782.952,1075.683,865.175,1189.429,897,769.825,270,482,168,316,163,108,261,471,162,302,156,94,280,491,179,322,177,115,18,18,18,18,16,16,18,18,18,18,18,18,18,18,-6,-6,-1,-1,-3,-3,-8,-8,-8,-8,-6,-6,-4,-4,313,313,313,313,311,311,312,312,313,313,313,313,312,312,0,0,0,0,0,0,0,0,0,0,0,0,0,0,0,0,0,0,0,0,0,0,0,0,0,0,0,0,0,0,1,1,1,1,0,0,0,0,0,0,0,0,1,1,0,0,1,1,2,2,1,1,1,1,1,1,3,3,3,3,3,3,3,3,3,3,3,3,3,3,11,11,11,11,11,11,10,10,10,10,10,10,11,11,0,0,0,0,0,0,0,0,0,0,0,0,0,0,0,0,0,0,0,0,0,0,0,0,0,0,0,0,0,0,0,0,0,0,0,0,0,0,0,0,0,0
s064,Male,Bellow 18,Below Madhymik,Right,Both Hands,10.391,8.359,8.625,8.266,9.016,9.172,773.844,1074.312,870.719,1173.609,885.688,830.141,198,984,1227,167,186,4627,186,976,1212,162,168,4612,212,996,1235,182,191,4645,18,18,17,17,16,16,18,18,18,18,18,18,20,20,-14,-14,-14,-14,-12,-12,-14,-14,-14,-14,-13,-13,-15,-15,63,63,64,64,61,61,64,64,63,63,64,64,66,66,0,0,0,0,0,0,0,0,0,0,0,0,0,0,0,0,0,0,0,0,0,0,0,0,0,0,0,0,0,0,0,0,1,1,0,0,0,0,0,0,0,0,3,3,3,3,2,2,3,3,3,3,2,2,3,3,3,3,3,3,3,3,3,3,3,3,3,3,3,3,10,10,10,10,11,11,10,10,10,10,10,10,10,10,0,0,0,0,0,0,0,0,0,0,0,0,0,0,0,0,0,0,0,0,0,0,0,0,0,0,0,0,0,0,0,0,0,0,0,0,0,0,0,0,0,0
s065,Male,Bellow 18,Below Madhymik,Right,Both Hands,10.369,8.354,8.615,8.262,9.077,9.169,767.708,1083.723,860.169,1157.631,895.554,820.015,374,1686,185,140,1523,174,366,1678,177,127,1514,163,383,1694,193,148,1536,183,11,11,14,14,8,8,8,8,8,8,9,9,9,9,5,5,8,8,3,3,4,4,5,5,1,1,5,5,151,151,152,152,149,149,148,148,150,150,149,149,149,149,0,0,0,0,0,0,0,0,0,0,0,0,0,0,0,0,0,0,0,0,0,0,0,0,0,0,0,0,0,0,0,0,0,0,0,0,1,1,0,0,0,0,-1,-1,-1,-1,-1,-1,-1,-1,-1,-1,0,0,-1,-1,2,2,2,2,2,2,2,2,2,2,2,2,2,2,11,11,10,10,11,11,11,11,12,12,11,11,10,10,0,0,0,0,0,0,0,0,0,0,0,0,0,0,0,0,0,0,0,0,0,0,0,0,0,0,0,0,0,0,0,0,0,0,0,0,0,0,0,0,0,0
s066,Female,26 to 45,Higher Secondary,Right,One Hand,10.394,8.333,8.591,8.258,9.061,9.167,801.03,1085.879,880.273,1149.152,896.697,814.667,2962,1226,2188,598,972,469,2955,1219,2180,590,963,458,2974,1233,2195,606,980,478,28,28,29,29,28,28,30,30,28,28,28,28,30,30,2,2,1,1,-2,-2,2,2,0,0,-2,-2,0,0,320,320,321,321,314,314,316,316,314,314,315,315,313,313,0,0,0,0,0,0,0,0,0,0,0,0,0,0,0,0,0,0,0,0,0,0,0,0,0,0,0,0,1,1,0,0,0,0,0,0,1,1,1,1,0,0,0,0,0,0,0,0,0,0,0,0,1,1,0,0,5,5,5,5,5,5,5,5,5,5,5,5,5,5,9,9,9,9,9,9,9,9,9,9,9,9,9,9,-2,-2,-2,-2,-5,-5,-14,-14,-9,-9,-1,-1,0,0,-1,-1,-17,-17,2,2,-2,-2,0,0,0,0,-1,-1,4,4,4,4,-4,-4,-10,-10,-2,-2,-2,-2,2,2
s067,Female,26 to 45,Gratuation,Right,One Hand,10.373,8.328,8.612,8.254,9.045,9.164,799.687,1083.134,902.94,1140.896,911.015,805.313,710,904,2397,596,1857,188,702,894,2389,588,1848,179,719,912,2407,604,1865,197,3,3,3,3,3,3,3,3,3,3,3,3,3,3,-3,-3,-3,-3,-3,-3,-2,-2,-2,-2,-2,-2,-3,-3,269,269,270,270,270,270,270,270,269,269,269,269,269,269,0,0,0,0,0,0,0,0,0,0,0,0,0,0,0,0,0,0,0,0,0,0,0,0,0,0,0,0,0,0,0,0,0,0,0,0,0,0,0,0,0,0,0,0,1,1,0,0,0,0,0,0,0,0,0,0,1,1,0,0,0,0,1,1,0,0,0,0,0,0,10,10,10,10,10,10,10,10,9,9,9,9,10,10,0,0,-2,-2,-1,-1,-2,-2,-3,-3,0,0,0,0,0,0,0,0,0,0,0,0,0,0,0,0,0,0,-2,-2,-1,-1,-2,-2,0,0,0,0,-1,-1,0,0
s068,Male,Bellow 18,Below Madhymik,Right,One Hand,10.382,8.294,8.574,8.221,9.029,9.132,797.162,1110.676,889.779,1184.235,903.324,794.368,623,2956,8,4090,387,66,617,2950,2,4082,380,54,634,2962,14,4096,395,73,1,1,1,1,1,1,1,1,1,1,1,1,1,1,0,0,-1,-1,-1,-1,-1,-1,-1,-1,-1,-1,-1,-1,229,229,229,229,229,229,229,229,229,229,229,229,229,229,0,0,0,0,0,0,0,0,-1,-1,0,0,0,0,0,0,0,0,0,0,0,0,0,0,0,0,0,0,0,0,0,0,0,0,0,0,-1,-1,0,0,0,0,0,0,0,0,0,0,0,0,-1,-1,0,0,0,0,0,0,0,0,0,0,0,0,0,0,0,0,0,0,10,10,10,10,10,10,10,10,9,9,10,10,10,10,-3,-3,-5,-5,0,0,0,0,-2,-2,-1,-1,1,1,0,0,0,0,0,0,0,0,-1,-1,0,0,0,0,3,3,2,2,0,0,0,0,6,6,0,0,1,1
s069,Male,26 to 45,Gratuation,Right,Both Hands,10.391,8.319,8.594,8.232,9.043,9.116,793.072,1118.333,882.667,1173.652,905.174,787.971,514,1639,398,455,1029,353,504,1629,389,445,1021,345,525,1649,408,464,1039,361,17,17,15,15,15,15,17,17,19,19,17,17,17,17,4,4,5,5,4,4,-1,-1,3,3,3,3,5,5,283,283,283,283,285,285,284,284,285,285,284,284,285,285,0,0,0,0,0,0,0,0,0,0,0,0,0,0,0,0,0,0,0,0,0,0,0,0,0,0,0,0,-2,-2,-1,-1,-1,-1,0,0,0,0,-1,-1,0,0,-1,-1,-1,-1,-1,-1,1,1,0,0,0,0,-1,-1,3,3,3,3,2,2,3,3,3,3,3,3,3,3,8,8,9,9,9,9,9,9,9,9,9,9,9,9,17,17,3,3,-7,-7,12,12,7,7,4,4,-1,-1,5,5,1,1,0,0,-7,-7,0,0,1,1,4,4,-29,-29,-11,-11,-9,-9,-3,-3,-11,-11,-14,-14,-10,-10
s070,Female,18 to 25,Higher Secondary,Right,Both Hands,10.429,8.286,8.6,8.286,9.043,9.114,792.457,1116.957,910.571,1159.8,983.386,796.2,743,1025,2839,201,6380,1362,737,1016,2827,192,6371,1355,756,1031,2848,213,6389,1371,15,15,17,17,14,14,10,10,11,11,8,8,12,12,-2,-2,-2,-2,-4,-4,-6,-6,-6,-6,-5,-5,1,1,167,167,167,167,165,165,164,164,164,164,164,164,165,165,-1,-1,-1,-1,0,0,0,0,0,0,1,1,-1,-1,0,0,1,1,1,1,0,0,0,0,0,0,1,1,1,1,-1,-1,-1,-1,2,2,0,0,0,0,1,1,0,0,0,0,0,0,1,1,1,1,2,2,-1,-1,3,3,3,3,3,3,2,2,2,2,2,2,3,3,10,10,9,9,9,9,11,11,9,9,10,10,10,10,-15,-15,-5,-5,-6,-6,-9,-9,0,0,31,31,-31,-31,-1,-1,0,0,-8,-8,1,1,1,1,-4,-4,-8,-8,-13,-13,-13,-13,-22,-22,-6,-6,-1,-1,26,26,-43,-43
s071,Male,Bellow 18,Below Madhymik,Right,Both Hands,10.451,8.254,8.563,8.324,9.014,9.099,785.972,1106.394,910.437,1148.254,975.93,788.563,326,367,906,336,455,257,320,361,895,329,447,246,338,373,912,347,462,265,17,17,15,15,17,17,22,22,21,21,19,19,20,20,-1,-1,1,1,3,3,6,6,4,4,3,3,3,3,257,257,256,256,256,256,257,257,257,257,256,256,257,257,0,0,-1,-1,1,1,0,0,1,1,0,0,0,0,0,0,0,0,0,0,0,0,0,0,0,0,0,0,0,0,0,0,0,0,0,0,0,0,0,0,0,0,1,1,-1,-1,0,0,-1,-1,0,0,-1,-1,0,0,3,3,2,2,3,3,4,4,4,4,3,3,4,4,9,9,9,9,9,9,9,9,10,10,10,10,10,10,19,19,10,10,-14,-14,-14,-14,-1,-1,3,3,-8,-8,-4,-4,-8,-8,5,5,0,0,5,5,-3,-3,-1,-1,-14,-14,-6,-6,-12,-12,-15,-15,-28,-28,5,5,-1,-1
s072,Female,Bellow 18,Below Madhymik,Right,Both Hands,10.403,8.306,8.528,8.333,9,9.069,783.389,1099.028,904.625,1147.181,970.208,780.25,605,570,495,1070,563,193,593,564,486,1062,556,183,612,582,501,1079,571,200,50,50,50,50,48,48,51,51,54,54,55,55,56,56,23,23,22,22,17,17,21,21,27,27,29,29,30,30,353,353,352,352,353,353,351,351,351,351,351,351,351,351,0,0,0,0,0,0,0,0,0,0,0,0,0,0,0,0,0,0,0,0,0,0,0,0,0,0,0,0,0,0,0,0,0,0,0,0,0,0,0,0,0,0,-2,-2,-2,-2,-2,-2,-2,-2,-2,-2,-2,-2,-3,-3,8,8,7,7,7,7,7,7,8,8,8,8,8,8,6,6,6,6,7,7,6,6,5,5,5,5,5,5,-12,-12,-7,-7,-1,-1,-2,-2,7,7,4,4,8,8,-2,-2,-2,-2,1,1,0,0,1,1,-1,-1,-1,-1,-9,-9,-2,-2,1,1,-1,-1,11,11,7,7,0,0
s073,Female,Bellow 18,Below Madhymik,Right,Both Hands,10.356,8.247,8.507,8.315,8.986,9.014,776.795,1091.151,897.315,1137.233,962.411,772.575,299,527,371,422,398,219,295,520,364,414,393,215,306,531,378,429,406,224,6,6,6,6,6,6,6,6,6,6,6,6,6,6,2,2,2,2,2,2,2,2,2,2,2,2,2,2,269,269,269,269,269,269,269,269,269,269,269,269,269,269,0,0,0,0,0,0,0,0,0,0,0,0,0,0,0,0,0,0,0,0,0,0,0,0,0,0,0,0,0,0,0,0,0,0,0,0,0,0,0,0,0,0,0,0,0,0,0,0,0,0,0,0,0,0,0,0,1,1,1,1,1,1,1,1,1,1,1,1,1,1,10,10,10,10,10,10,10,10,10,10,10,10,10,10,1,1,0,0,-1,-1,-1,-1,-1,-1,-1,-1,1,1,-1,-1,0,0,1,1,0,0,0,0,1,1,-1,-1,-2,-2,-1,-1,0,0,-1,-1,2,2,-1,-1,-2,-2
s074,Female,Bellow 18,Madhymik,Right,Both Hands,10.324,8.189,8.5,8.27,8.946,8.959,770.054,1087.878,891.351,1126.311,959.405,765.797,274,853,453,330,739,270,270,845,448,324,734,266,282,857,461,335,745,275,-1,-1,-1,-1,-1,-1,-1,-1,-1,-1,-1,-1,-1,-1,0,0,0,0,0,0,0,0,0,0,0,0,0,0,86,86,86,86,86,86,86,86,86,86,86,86,86,86,0,0,0,0,0,0,0,0,0,0,0,0,0,0,0,0,0,0,0,0,0,0,0,0,0,0,0,0,0,0,0,0,0,0,0,0,0,0,0,0,0,0,0,0,0,0,0,0,0,0,0,0,0,0,0,0,0,0,0,0,0,0,0,0,0,0,0,0,0,0,10,10,10,10,10,10,10,10,10,10,10,10,10,10,0,0,0,0,0,0,0,0,0,0,0,0,0,0,0,0,0,0,0,0,0,0,0,0,0,0,0,0,0,0,0,0,0,0,0,0,0,0,0,0,0,0
s075,Female,Bellow 18,Madhymik,Right,Both Hands,10.32,8.173,8.533,8.32,8.973,8.973,764.44,1082.507,890.987,1123.387,961.013,758.267,346,689,865,906,1079,199,339,678,853,895,1069,191,356,696,876,918,1090,209,0,0,0,0,0,0,0,0,0,0,0,0,0,0,-3,-3,-3,-3,-3,-3,-3,-3,-3,-3,-3,-3,-3,-3,122,122,122,122,122,122,122,122,122,122,122,122,122,122,0,0,0,0,0,0,0,0,0,0,0,0,0,0,0,0,0,0,0,0,0,0,0,0,0,0,0,0,0,0,0,0,0,0,0,0,0,0,0,0,0,0,1,1,1,1,1,1,1,1,1,1,1,1,1,1,0,0,0,0,0,0,0,0,0,0,0,0,0,0,10,10,9,9,10,10,10,10,9,9,10,10,10,10,1,1,0,0,0,0,0,0,0,0,0,0,0,0,0,0,0,0,0,0,0,0,0,0,0,0,0,0,0,0,0,0,0,0,0,0,0,0,0,0,0,0
s076,Female,Bellow 18,Madhymik,Right,Both Hands,10.289,8.184,8.513,8.276,8.921,8.921,758.237,1079.895,886.118,1114.803,955.711,753.145,294,882,519,471,558,370,285,875,514,466,553,364,302,891,526,476,563,375,1,1,1,1,1,1,1,1,1,1,1,1,1,1,-2,-2,-2,-2,-2,-2,-2,-2,-2,-2,-2,-2,-2,-2,161,161,161,161,161,161,161,161,161,161,161,161,161,161,0,0,0,0,0,0,0,0,0,0,0,0,0,0,0,0,0,0,0,0,0,0,0,0,0,0,0,0,0,0,0,0,0,0,0,0,0,0,0,0,0,0,0,0,0,0,0,0,0,0,0,0,0,0,0,0,0,0,0,0,0,0,0,0,0,0,0,0,0,0,10,10,10,10,10,10,10,10,10,10,10,10,10,10,0,0,0,0,0,0,0,0,0,0,0,0,0,0,0,0,0,0,0,0,0,0,0,0,0,0,0,0,0,0,0,0,0,0,0,0,0,0,0,0,0,0
s077,Female,26 to 45,Gratuation,Right,Both Hands,10.273,8.182,8.494,8.286,9,8.974,754.065,1071.247,877.675,1107.156,946.961,775.221,436,413,238,532,280,2453,428,406,229,517,267,2440,445,421,245,541,295,2466,33,33,31,31,33,33,33,33,33,33,34,34,34,34,4,4,0,0,1,1,1,1,0,0,0,0,-1,-1,336,336,336,336,336,336,336,336,337,337,336,336,336,336,0,0,0,0,1,1,0,0,0,0,0,0,0,0,0,0,0,0,0,0,0,0,0,0,0,0,0,0,1,1,0,0,0,0,1,1,0,0,0,0,-1,-1,-1,-1,0,0,0,0,0,0,0,0,0,0,0,0,5,5,5,5,5,5,5,5,5,5,6,6,5,5,9,9,9,9,9,9,9,9,8,8,8,8,8,8,-7,-7,16,16,5,5,-8,-8,-4,-4,-12,-12,-14,-14,1,1,-5,-5,-5,-5,0,0,-1,-1,0,0,0,0,11,11,-6,-6,-4,-4,-1,-1,-2,-2,-1,-1,-7,-7
s078,Male,Bellow 18,Below Madhymik,Right,One Hand,10.282,8.205,8.487,8.321,8.987,8.923,800.333,1158.782,920.385,1120.244,937.282,773.5,4362,7897,4212,2125,189,643,4352,7889,4201,2117,184,636,4373,7907,4220,2136,197,648,5,5,9,9,9,9,3,3,5,5,5,5,6,6,12,12,10,10,5,5,10,10,9,9,9,9,8,8,336,336,334,334,335,335,334,334,335,335,335,335,336,336,0,0,0,0,0,0,0,0,0,0,0,0,0,0,0,0,0,0,0,0,0,0,0,0,0,0,0,0,0,0,0,0,0,0,1,1,0,0,0,0,1,1,-2,-2,-1,-1,-1,-1,-2,-2,-2,-2,-2,-2,-1,-1,1,1,2,2,1,1,0,0,1,1,1,1,1,1,10,10,9,9,10,10,11,11,10,10,9,9,11,11,0,0,16,16,-5,-5,-2,-2,-4,-4,-1,-1,4,4,-1,-1,-7,-7,-2,-2,4,4,0,0,3,3,4,4,2,2,-11,-11,-1,-1,7,7,5,5,3,3,-1,-1
s079,Female,46 to 60,Madhymik,Right,One Hand,10.278,8.253,8.494,8.354,8.962,8.937,846.823,1174.405,964.038,1108.658,967.025,766.646,4475,2390,4371,201,3290,230,4463,2381,4360,194,3280,222,4485,2402,4380,212,3297,240,17,17,17,17,18,18,17,17,17,17,18,18,18,18,-4,-4,-4,-4,-4,-4,-4,-4,-4,-4,-4,-4,-4,-4,8,8,8,8,8,8,8,8,7,7,7,7,8,8,0,0,0,0,0,0,0,0,0,0,0,0,0,0,0,0,0,0,0,0,0,0,0,0,0,0,0,0,0,0,0,0,0,0,0,0,-1,-1,-1,-1,-1,-1,1,1,1,1,0,0,1,1,1,1,1,1,1,1,3,3,3,3,3,3,3,3,3,3,3,3,3,3,9,9,9,9,9,9,9,9,9,9,8,8,9,9,-14,-14,0,0,-13,-13,-3,-3,-1,-1,-9,-9,3,3,-1,-1,1,1,1,1,1,1,0,0,1,1,1,1,6,6,2,2,4,4,1,1,-1,-1,10,10,-5,-5
s080,Female,26 to 45,Madhymik,Right,One Hand,10.262,8.238,8.475,8.362,8.962,8.95,842.425,1165.688,967.125,1101.275,986.288,759.575,493,477,1213,518,2509,202,486,470,1204,509,2499,191,502,484,1220,527,2518,212,12,12,14,14,10,10,17,17,19,19,17,17,17,17,-5,-5,-6,-6,-8,-8,-9,-9,-7,-7,-3,-3,-3,-3,141,141,141,141,139,139,141,141,142,142,142,142,142,142,0,0,0,0,0,0,0,0,0,0,0,0,0,0,0,0,0,0,0,0,0,0,0,0,0,0,0,0,0,0,0,0,0,0,0,0,0,0,0,0,0,0,1,1,1,1,1,1,2,2,1,1,1,1,1,1,2,2,3,3,2,2,3,3,3,3,3,3,3,3,10,10,10,10,9,9,9,9,9,9,9,9,9,9,6,6,-9,-9,-1,-1,-1,-1,5,5,0,0,2,2,-6,-6,-3,-3,-1,-1,0,0,-3,-3,-4,-4,3,3,-7,-7,-8,-8,-19,-19,-2,-2,-7,-7,3,3,-4,-4
s081,Female,Bellow 18,Below Madhymik,Right,One Hand,10.272,8.222,8.457,8.383,8.975,8.975,845.012,1212.099,984.333,1100.568,1039.111,773.21,1048,4925,2364,1044,5266,1860,1041,4918,2354,1034,5255,1853,1059,4932,2371,1054,5276,1871,6,6,5,5,5,5,6,6,5,5,5,5,7,7,-3,-3,-4,-4,-6,-6,-4,-4,-4,-4,-4,-4,-2,-2,139,139,139,139,140,140,139,139,140,140,142,142,142,142,0,0,0,0,0,0,0,0,0,0,0,0,0,0,0,0,0,0,0,0,0,0,0,0,0,0,0,0,1,1,0,0,0,0,0,0,1,1,0,0,-1,-1,1,1,1,1,1,1,1,1,1,1,1,1,0,0,1,1,1,1,1,1,1,1,1,1,1,1,1,1,10,10,10,10,9,9,10,10,10,10,10,10,9,9,-6,-6,2,2,-14,-14,-7,-7,-14,-14,-6,-6,3,3,-2,-2,-2,-2,0,0,1,1,-1,-1,6,6,1,1,2,2,3,3,-12,-12,-4,-4,-14,-14,-1,-1,-2,-2
s082,Male,46 to 60,Madhymik,Right,One Hand,10.341,8.232,8.463,8.354,9.012,9.012,885.085,1212.024,1040.549,1094.366,1054.768,772.317,4124,1206,5591,598,2323,697,4115,1197,5585,586,2311,688,4140,1215,5600,604,2335,709,12,12,12,12,12,12,13,13,13,13,13,13,13,13,8,8,8,8,8,8,8,8,8,8,8,8,8,8,34,34,34,34,34,34,34,34,34,34,34,34,34,34,0,0,0,0,0,0,0,0,0,0,0,0,0,0,0,0,0,0,0,0,0,0,0,0,0,0,0,0,-1,-1,0,0,1,1,1,1,1,1,0,0,1,1,-1,-1,-1,-1,-1,-1,-1,-1,-1,-1,-1,-1,-1,-1,2,2,2,2,2,2,2,2,2,2,2,2,2,2,9,9,9,9,10,10,11,11,10,10,10,10,11,11,6,6,18,18,-2,-2,-2,-2,-3,-3,-2,-2,-5,-5,1,1,4,4,2,2,0,0,0,0,0,0,-1,-1,-7,-7,-31,-31,-20,-20,1,1,12,12,5,5,2,2
s083,Female,Bellow 18,Madhymik,Right,Both Hands,10.325,8.205,8.446,8.337,9.012,8.988,880.012,1220.157,1033.108,1090.398,1059.542,800.59,461,1888,423,767,1449,3120,455,1881,416,758,1442,3112,470,1894,430,774,1458,3127,23,23,25,25,22,22,22,22,22,22,23,23,20,20,1,1,4,4,0,0,0,0,-2,-2,-2,-2,-2,-2,26,26,30,30,32,32,32,32,32,32,29,29,30,30,0,0,0,0,0,0,0,0,0,0,0,0,0,0,0,0,0,0,0,0,0,0,0,0,0,0,0,0,0,0,0,0,2,2,1,1,1,1,1,1,1,1,0,0,-1,-1,0,0,0,0,0,0,0,0,0,0,4,4,4,4,3,3,4,4,3,3,4,4,3,3,9,9,9,9,11,11,10,10,10,10,10,10,10,10,-2,-2,-6,-6,1,1,1,1,-5,-5,-9,-9,2,2,3,3,-1,-1,-1,-1,-3,-3,-2,-2,1,1,1,1,-3,-3,-27,-27,-7,-7,-3,-3,-8,-8,-13,-13,-10,-10
s084,Female,46 to 60,Gratuation,Right,One Hand,10.333,8.202,8.429,8.345,9,9.012,876.107,1222.155,1049.381,1114.476,1062.44,797.845,549,1387,2402,3112,1306,567,541,1380,2393,3104,1295,559,560,1395,2409,3121,1314,578,25,25,25,25,25,25,28,28,27,27,26,26,25,25,4,4,4,4,1,1,4,4,1,1,1,1,1,1,270,270,269,269,270,270,264,264,266,266,268,268,266,266,0,0,0,0,0,0,0,0,0,0,0,0,0,0,0,0,0,0,0,0,0,0,0,0,0,0,0,0,-1,-1,0,0,-1,-1,1,1,1,1,1,1,1,1,-1,-1,-1,-1,-1,-1,0,0,0,0,0,0,0,0,4,4,4,4,4,4,5,5,4,4,4,4,4,4,8,8,9,9,8,8,9,9,10,10,10,10,10,10,-13,-13,-9,-9,-11,-11,-8,-8,-9,-9,-1,-1,-13,-13,0,0,7,7,1,1,1,1,0,0,1,1,4,4,-22,-22,-16,-16,-16,-16,-11,-11,-9,-9,-3,-3,-18,-18
s085,Female,18 to 25,Higher Secondary,Right,One Hand,10.329,8.212,8.459,8.365,9.024,8.988,870.4,1224.306,1042.153,1126.271,1052.294,808.835,390,1407,434,2118,196,1735,381,1396,424,2107,189,1725,400,1416,445,2128,207,1742,8,8,8,8,6,6,5,5,5,5,5,5,4,4,1,1,1,1,0,0,0,0,-1,-1,-2,-2,-3,-3,102,102,102,102,104,104,104,104,103,103,103,103,103,103,1,1,0,0,0,0,0,0,0,0,0,0,0,0,0,0,0,0,0,0,0,0,0,0,0,0,0,0,0,0,0,0,0,0,0,0,1,1,0,0,2,2,0,0,0,0,0,0,0,0,0,0,0,0,1,1,1,1,1,1,1,1,1,1,1,1,1,1,0,0,10,10,9,9,10,10,10,10,11,11,10,10,12,12,0,0,5,5,-3,-3,0,0,-10,-10,0,0,20,20,-1,-1,2,2,-1,-1,-2,-2,0,0,-1,-1,-4,-4,-6,-6,-10,-10,-14,-14,-1,-1,-9,-9,4,4,19,19
s086,Female,Bellow 18,Madhymik,Right,Both Hands,10.337,8.244,8.453,8.36,9.035,9.012,863.209,1216.128,1033.953,1115.581,1043.721,801.558,252,518,337,209,316,180,241,510,329,199,305,172,263,529,345,217,326,191,23,23,26,26,26,26,26,26,28,28,26,26,26,26,3,3,9,9,1,1,1,1,3,3,3,3,3,3,286,286,284,284,290,290,290,290,290,290,289,289,289,289,0,0,0,0,0,0,0,0,0,0,0,0,0,0,0,0,0,0,0,0,0,0,0,0,0,0,0,0,0,0,0,0,0,0,0,0,0,0,0,0,0,0,0,0,-1,-1,0,0,0,0,0,0,0,0,0,0,4,4,4,4,4,4,4,4,4,4,4,4,4,4,9,9,9,9,9,9,9,9,9,9,9,9,9,9,0,0,0,0,0,0,0,0,0,0,0,0,0,0,0,0,0,0,0,0,0,0,0,0,0,0,0,0,0,0,0,0,0,0,0,0,0,0,0,0,0,0
s087,Female,26 to 45,Madhymik,Right,One Hand,10.586,8.253,8.471,8.356,9.057,8.977,867.402,1208.713,1065.494,1120.989,1033.736,816.379,1205,572,3776,1589,170,2094,1196,562,3768,1578,164,2085,1237,581,3786,1597,181,2100,18,18,16,16,14,14,15,15,16,16,15,15,16,16,4,4,2,2,0,0,1,1,3,3,1,1,3,3,345,345,344,344,345,345,346,346,344,344,345,345,343,343,0,0,0,0,0,0,0,0,0,0,0,0,0,0,0,0,0,0,0,0,0,0,0,0,0,0,0,0,0,0,0,0,0,0,0,0,0,0,0,0,0,0,-1,-1,0,0,0,0,0,0,0,0,0,0,-1,-1,3,3,3,3,2,2,3,3,3,3,3,3,3,3,9,9,9,9,10,10,10,10,10,10,10,10,10,10,0,0,0,0,0,0,0,0,0,0,0,0,0,0,0,0,0,0,0,0,0,0,0,0,0,0,0,0,0,0,0,0,0,0,0,0,0,0,0,0,0,0
s088,Female,26 to 45,Gratuation,Right,One Hand,10.625,8.261,8.511,8.375,9.023,8.977,876.489,1204.318,1080.102,1110.182,1027.398,822.443,1662,825,2349,166,479,1353,1653,813,2339,160,470,1341,1676,834,2361,176,485,1362,12,12,11,11,11,11,12,12,12,12,10,10,11,11,1,1,0,0,-1,-1,-1,-1,-1,-1,-1,-1,-1,-1,338,338,339,339,340,340,338,338,340,340,339,339,339,339,0,0,0,0,0,0,0,0,0,0,0,0,0,0,0,0,0,0,0,0,0,0,0,0,0,0,0,0,0,0,0,0,0,0,0,0,0,0,0,0,0,0,0,0,0,0,0,0,0,0,0,0,0,0,0,0,2,2,2,2,2,2,2,2,2,2,2,2,2,2,10,10,10,10,10,10,10,10,10,10,11,11,10,10,0,0,0,0,0,0,0,0,0,0,0,0,0,0,0,0,0,0,0,0,0,0,0,0,0,0,0,0,0,0,0,0,0,0,0,0,0,0,0,0,0,0
s089,Female,18 to 25,Master,Right,Both Hands,10.618,8.292,8.517,8.36,9.022,8.955,869.146,1194.629,1070.416,1097.843,1017.798,818.506,224,340,216,14,171,474,213,331,209,5,164,465,234,351,225,21,180,481,3,3,3,3,3,3,4,4,4,4,3,3,3,3,-7,-7,-6,-6,-7,-7,-7,-7,-7,-7,-7,-7,-7,-7,221,221,225,225,224,224,226,226,226,226,225,225,225,225,0,0,0,0,0,0,0,0,0,0,0,0,0,0,0,0,0,0,0,0,0,0,0,0,0,0,0,0,0,0,0,0,0,0,0,0,0,0,0,0,0,0,1,1,1,1,1,1,1,1,1,1,1,1,1,1,1,1,1,1,1,1,1,1,1,1,1,1,1,1,10,10,11,11,11,11,10,10,10,10,10,10,10,10,0,0,0,0,0,0,0,0,0,0,0,0,0,0,0,0,0,0,0,0,0,0,0,0,0,0,0,0,0,0,0,0,0,0,0,0,0,0,0,0,0,0
s090,Female,18 to 25,Gratuation,Right,Both Hands,10.6,8.3,8.522,8.367,9.033,8.933,862.156,1185.522,1061.767,1096.944,1009.433,812.178,240,375,292,1018,262,250,231,366,283,1008,255,242,249,384,301,1027,272,257,25,25,26,26,24,24,24,24,24,24,24,24,24,24,-3,-3,-2,-2,-5,-5,-5,-5,-4,-4,-5,-5,-5,-5,32,32,32,32,31,31,31,31,31,31,30,30,30,30,0,0,0,0,-1,-1,0,0,0,0,0,0,0,0,0,0,0,0,0,0,0,0,0,0,0,0,0,0,0,0,0,0,-1,-1,0,0,1,1,0,0,0,0,0,0,0,0,0,0,1,1,1,1,1,1,1,1,4,4,5,5,4,4,4,4,4,4,4,4,4,4,9,9,9,9,8,8,9,9,10,10,9,9,9,9,-22,-22,-15,-15,-14,-14,-1,-1,-15,-15,-13,-13,-19,-19,3,3,-2,-2,3,3,2,2,2,2,-4,-4,0,0,-29,-29,-26,-26,-24,-24,-30,-30,-20,-20,-5,-5,-29,-29
s091,Male,26 to 45,Gratuation,Right,One Hand,10.626,8.297,8.495,8.352,9.011,8.901,865.703,1179.242,1065.374,1089.352,1009.637,807.33,1180,612,1391,406,1027,371,1172,606,1384,399,1021,365,1193,620,1397,413,1034,377,39,39,38,38,36,36,35,35,36,36,35,35,36,36,-3,-3,-6,-6,-6,-6,-4,-4,-3,-3,-4,-4,-3,-3,250,250,255,255,249,249,250,250,250,250,250,250,250,250,0,0,0,0,0,0,0,0,0,0,0,0,0,0,0,0,0,0,0,0,0,0,0,0,0,0,0,0,0,0,0,0,1,1,1,1,0,0,-1,-1,0,0,1,1,1,1,1,1,0,0,1,1,0,0,0,0,6,6,6,6,6,6,6,6,6,6,6,6,6,6,8,8,8,8,9,9,9,9,8,8,7,7,8,8,0,0,-6,-6,-5,-5,-4,-4,-12,-12,-17,-17,-17,-17,-1,-1,-6,-6,-1,-1,0,0,-1,-1,0,0,4,4,6,6,-8,-8,1,1,-5,-5,-11,-11,-21,-21,-20,-20
s092,Female,Bellow 18,Below Madhymik,Right,One Hand,10.62,8.272,8.478,8.337,9,8.891,860.37,1177.424,1057.696,1082.109,1002.652,804.174,371,1013,359,424,367,517,365,1006,352,416,359,509,381,1019,366,431,375,525,15,15,14,14,16,16,16,16,16,16,15,15,15,15,-5,-5,-4,-4,-5,-5,-4,-4,-3,-3,-2,-2,-2,-2,65,65,65,65,65,65,65,65,65,65,65,65,65,65,1,1,0,0,0,0,0,0,0,0,0,0,0,0,0,0,0,0,0,0,0,0,0,0,0,0,0,0,1,1,1,1,-1,-1,-1,-1,0,0,0,0,1,1,2,2,1,1,1,1,1,1,1,1,0,0,1,1,2,2,2,2,3,3,2,2,3,3,3,3,3,3,10,10,10,10,9,9,9,9,9,9,10,10,10,10,10,10,-3,-3,-1,-1,3,3,2,2,4,4,-1,-1,-2,-2,-1,-1,-1,-1,-1,-1,0,0,-2,-2,1,1,7,7,10,10,6,6,1,1,1,1,7,7,4,4
s093,Female,Bellow 18,Below Madhymik,Right,One Hand,10.581,8.258,8.516,8.312,8.978,8.892,855.989,1169.247,1057.624,1074.441,996.785,795.527,453,422,1045,370,459,0,446,410,1039,363,450,0,460,429,1057,376,466,0,17,17,17,17,17,17,17,17,17,17,19,19,0,0,-1,-1,-2,-2,-2,-2,0,0,-2,-2,5,5,0,0,347,347,346,346,346,346,346,346,346,346,346,346,0,0,0,0,0,0,0,0,0,0,0,0,0,0,0,0,0,0,0,0,0,0,0,0,0,0,0,0,0,0,1,1,0,0,1,1,0,0,0,0,1,1,0,0,0,0,0,0,1,1,0,0,0,0,-1,-1,0,0,3,3,3,3,3,3,3,3,3,3,3,3,0,0,10,10,9,9,10,10,10,10,10,10,10,10,0,0,-30,-30,-37,-37,-27,1,-24,-24,-20,-20,-7,-7,0,0,5,5,-1,-1,-2,-3,3,3,-2,-2,5,5,0,0,-12,-12,-7,-7,-8,8,-13,-13,-10,-10,-8,-8,0,0
s094,Female,Bellow 18,Below Madhymik,Right,One Hand,10.564,8.245,8.479,8.277,8.979,8.883,848.745,1162.543,1049.957,1067.415,994.34,789.936,173,537,337,418,766,268,166,532,332,409,758,262,182,544,342,423,775,276,19,19,21,21,15,15,20,20,18,18,17,17,17,17,1,1,2,2,-2,-2,0,0,-1,-1,-2,-2,-2,-2,62,62,62,62,61,61,61,61,61,61,61,61,61,61,0,0,-1,-1,0,0,0,0,0,0,0,0,0,0,0,0,0,0,0,0,0,0,0,0,0,0,0,0,1,1,-1,-1,0,0,0,0,0,0,0,0,0,0,0,0,-1,-1,1,1,0,0,0,0,1,1,1,1,3,3,4,4,3,3,3,3,3,3,3,3,3,3,10,10,9,9,9,9,9,9,9,9,10,10,10,10,8,8,-10,-10,8,8,0,0,-3,-3,4,4,-5,-5,1,1,5,5,4,4,0,0,0,0,-1,-1,-2,-2,-2,-2,-15,-15,-14,-14,-5,-5,-10,-10,-8,-8,-18,-18
s095,Female,Bellow 18,Below Madhymik,Right,Both Hands,10.579,8.221,8.463,8.263,8.947,8.853,843.842,1153.905,1051.274,1061.074,988.442,785.505,377,343,1175,464,434,370,371,336,1168,458,428,363,389,349,1182,471,440,376,9,9,8,8,8,8,10,10,13,13,16,16,14,14,5,5,3,3,4,4,1,1,3,3,6,6,2,2,345,345,343,343,343,343,342,342,342,342,342,342,340,340,0,0,0,0,0,0,0,0,0,0,-1,-1,0,0,0,0,0,0,0,0,0,0,1,1,1,1,0,0,-1,-1,0,0,0,0,1,1,0,0,-2,-2,0,0,-1,-1,0,0,0,0,0,0,0,0,-2,-2,-1,-1,2,2,1,1,1,1,1,1,3,3,3,3,2,2,8,8,10,10,10,10,11,11,9,9,7,7,9,9,-14,-14,-10,-10,7,7,-17,-17,0,0,-14,-14,8,8,-2,-2,-4,-4,1,1,-7,-7,0,0,-2,-2,-2,-2,-30,-30,-7,-7,-7,-7,25,25,-27,-27,-35,-35,-9,-9
s096,Female,Bellow 18,Below Madhymik,Right,Both Hands,10.542,8.188,8.438,8.24,8.958,8.823,840.021,1147.594,1054.354,1055.5,985.365,789.844,475,549,1347,530,689,1202,470,543,1341,520,683,1196,482,554,1353,536,699,1208,20,20,19,19,20,20,23,23,23,23,21,21,24,24,-4,-4,-5,-5,-3,-3,0,0,-1,-1,-3,-3,0,0,304,304,304,304,305,305,306,306,306,306,305,305,305,305,0,0,0,0,0,0,0,0,0,0,0,0,1,1,0,0,0,0,0,0,0,0,0,0,0,0,0,0,0,0,0,0,-1,-1,0,0,0,0,0,0,0,0,1,1,1,1,0,0,1,1,0,0,1,1,1,1,3,3,3,3,3,3,4,4,4,4,4,4,4,4,9,9,10,10,9,9,9,9,9,9,9,9,9,9,-3,-3,0,0,3,3,6,6,-3,-3,1,1,3,3,8,8,4,4,1,1,-3,-3,-7,-7,-2,-2,-3,-3,-5,-5,-6,-6,-20,-20,-5,-5,-1,-1,-20,-20,-1,-1
s097,Male,18 to 25,Higher Secondary,Right,Both Hands,10.536,8.165,8.423,8.216,8.938,8.794,835.742,1138.32,1047.32,1049.031,980.969,784.268,421,249,371,429,558,250,415,242,365,422,552,243,431,255,378,435,565,256,24,24,25,25,22,22,24,24,28,28,29,29,28,28,4,4,1,1,-1,-1,-1,-1,2,2,5,5,0,0,252,252,251,251,251,251,251,251,251,251,251,251,250,250,-1,-1,-1,-1,0,0,-1,-1,-1,-1,-1,-1,0,0,0,0,0,0,1,1,1,1,0,0,1,1,0,0,-1,-1,0,0,0,0,-1,-1,-1,-1,-1,-1,0,0,-1,-1,-1,-1,0,0,0,0,-1,-1,-2,-2,0,0,4,4,5,5,4,4,5,5,5,5,5,5,4,4,8,8,8,8,9,9,8,8,7,7,8,8,9,9,12,12,-14,-14,8,8,-9,-9,3,3,-2,-2,-10,-10,-4,-4,0,0,1,1,1,1,-1,-1,-5,-5,4,4,-26,-26,-12,-12,-4,-4,2,2,-7,-7,-14,-14,-6,-6
s098,Male,Bellow 18,Below Madhymik,Right,Both Hands,10.582,8.173,8.429,8.204,8.908,8.786,829.245,1152.398,1042.061,1041.724,986.5,785.796,193,2518,530,332,1525,933,184,2509,523,326,1517,926,208,2527,539,339,1531,941,41,41,38,38,36,36,39,39,37,37,36,36,36,36,7,7,4,4,4,4,9,9,6,6,5,5,7,7,24,24,24,24,22,22,24,24,24,24,23,23,24,24,0,0,0,0,0,0,0,0,0,0,0,0,0,0,1,1,0,0,0,0,0,0,0,0,0,0,0,0,-1,-1,0,0,0,0,-2,-2,-1,-1,-1,-1,0,0,-1,-1,-1,-1,-1,-1,-2,-2,-1,-1,-1,-1,-1,-1,7,7,6,6,6,6,6,6,6,6,6,6,6,6,6,6,8,8,8,8,6,6,7,7,7,7,8,8,-20,-20,-3,-3,-10,-10,-12,-12,-11,-11,-13,-13,-25,-25,1,1,-1,-1,2,2,-2,-2,0,0,3,3,1,1,-15,-15,-17,-17,-14,-14,-18,-18,-16,-16,-18,-18,-25,-25
s099,Male,Bellow 18,Madhymik,Right,Both Hands,10.556,8.162,8.404,8.202,8.899,8.768,823.465,1151.152,1047.788,1035.283,993.586,781.303,256,1028,1611,404,1687,339,249,1022,1603,396,1680,334,264,1035,1617,412,1695,346,16,16,16,16,17,17,19,19,20,20,17,17,18,18,6,6,7,7,8,8,12,12,11,11,8,8,9,9,359,359,360,360,0,0,2,2,2,2,0,0,1,1,1,1,0,0,0,0,0,0,0,0,0,0,0,0,0,0,0,0,0,0,0,0,0,0,0,0,0,0,-1,-1,-1,-1,-1,-1,0,0,-1,-1,0,0,0,0,0,0,-1,-1,-2,-2,-2,-2,-2,-2,-1,-1,-2,-2,3,3,3,3,3,3,3,3,3,3,3,3,3,3,9,9,8,8,8,8,9,9,8,8,10,10,9,9,14,14,7,7,-6,-6,-7,-7,-5,-5,-7,-7,-18,-18,-2,-2,-1,-1,6,6,-6,-6,1,1,0,0,1,1,-18,-18,-4,-4,-9,-9,-8,-8,-14,-14,-13,-13,-14,-14
s100,Male,Bellow 18,Madhymik,Right,Both Hands,10.54,8.19,8.39,8.21,8.87,8.73,817.96,1147.28,1043.45,1027.09,991.87,776.13,275,760,616,213,821,265,264,753,607,207,816,259,284,771,623,222,827,270,17,17,15,15,17,17,16,16,16,16,14,14,14,14,12,12,5,5,7,7,6,6,7,7,6,6,8,8,305,305,303,303,303,303,302,302,304,304,304,304,304,304,0,0,0,0,0,0,0,0,0,0,0,0,-1,-1,0,0,0,0,0,0,0,0,0,0,0,0,0,0,0,0,0,0,0,0,-1,-1,-1,-1,0,0,-1,-1,-2,-2,0,0,-1,-1,-1,-1,-2,-2,-1,-1,-2,-2,3,3,3,3,3,3,2,2,3,3,2,2,2,2,9,9,10,10,9,9,8,8,9,9,10,10,8,8,-40,-40,13,13,-7,-7,-10,-10,-22,-22,3,3,-21,-21,2,2,-7,-7,0,0,4,4,9,9,7,7,2,2,-18,-18,-13,-13,-4,-4,-13,-13,-17,-17,-9,-9,-14,-14
